train_id,train_name,train_type,priority,max_speed_kmph,platform_requirement,scheduled_start_time,origin_station,destination_station,route_nodes,route_sections,delay_minutes
T0001,Local 1,Local,4,42,Yes,09:50,STN_10,STN_11,"[""STN_10"", ""STN_09"", ""STN_08"", ""STN_07"", ""STN_06"", ""STN_05"", ""STN_11""]","[""STN_09__STN_10"", ""STN_08__STN_09"", ""STN_07__STN_08"", ""STN_06__STN_07"", ""STN_05__STN_06"", ""STN_05__STN_11""]",0
T0002,Express 2,Express,2,109,Yes,14:44,STN_10,STN_12,"[""STN_10"", ""STN_09"", ""STN_08"", ""STN_07"", ""STN_06"", ""STN_05"", ""STN_11"", ""STN_12""]","[""STN_09__STN_10"", ""STN_08__STN_09"", ""STN_07__STN_08"", ""STN_06__STN_07"", ""STN_05__STN_06"", ""STN_05__STN_11"", ""STN_11__STN_12""]",0
T0003,Local 3,Local,4,64,Yes,09:27,STN_03,STN_11,"[""STN_03"", ""STN_04"", ""STN_05"", ""STN_11""]","[""STN_03__STN_04"", ""STN_04__STN_05"", ""STN_05__STN_11""]",0
T0004,Freight 4,Freight,5,35,No,22:19,STN_02,STN_11,"[""STN_02"", ""STN_03"", ""STN_04"", ""STN_05"", ""STN_11""]","[""STN_02__STN_03"", ""STN_03__STN_04"", ""STN_04__STN_05"", ""STN_05__STN_11""]",0
T0005,Local 5,Local,4,56,Yes,14:11,STN_02,STN_11,"[""STN_02"", ""STN_03"", ""STN_04"", ""STN_05"", ""STN_11""]","[""STN_02__STN_03"", ""STN_03__STN_04"", ""STN_04__STN_05"", ""STN_05__STN_11""]",0
T0006,Local 6,Local,4,55,Yes,12:13,STN_04,STN_01,"[""STN_04"", ""STN_03"", ""STN_02"", ""STN_01""]","[""STN_03__STN_04"", ""STN_02__STN_03"", ""STN_01__STN_02""]",0
T0007,Local 7,Local,4,44,Yes,20:13,STN_03,STN_11,"[""STN_03"", ""STN_04"", ""STN_05"", ""STN_11""]","[""STN_03__STN_04"", ""STN_04__STN_05"", ""STN_05__STN_11""]",0
T0008,Local 8,Local,4,62,Yes,14:38,STN_04,STN_12,"[""STN_04"", ""STN_05"", ""STN_11"", ""STN_12""]","[""STN_04__STN_05"", ""STN_05__STN_11"", ""STN_11__STN_12""]",0
T0009,Express 9,Express,2,80,Yes,11:31,STN_04,STN_10,"[""STN_04"", ""STN_05"", ""STN_06"", ""STN_07"", ""STN_08"", ""STN_09"", ""STN_10""]","[""STN_04__STN_05"", ""STN_05__STN_06"", ""STN_06__STN_07"", ""STN_07__STN_08"", ""STN_08__STN_09"", ""STN_09__STN_10""]",0
T0010,Local 10,Local,4,47,Yes,07:18,STN_04,STN_02,"[""STN_04"", ""STN_03"", ""STN_02""]","[""STN_03__STN_04"", ""STN_02__STN_03""]",0
T0011,Local 11,Local,4,61,Yes,15:34,STN_07,STN_12,"[""STN_07"", ""STN_06"", ""STN_05"", ""STN_11"", ""STN_12""]","[""STN_06__STN_07"", ""STN_05__STN_06"", ""STN_05__STN_11"", ""STN_11__STN_12""]",0
T0012,Freight 12,Freight,5,52,No,04:30,STN_11,STN_09,"[""STN_11"", ""STN_05"", ""STN_06"", ""STN_07"", ""STN_08"", ""STN_09""]","[""STN_05__STN_11"", ""STN_05__STN_06"", ""STN_06__STN_07"", ""STN_07__STN_08"", ""STN_08__STN_09""]",0
T0013,Passenger 13,Passenger,3,89,Yes,18:26,STN_08,STN_05,"[""STN_08"", ""STN_07"", ""STN_06"", ""STN_05""]","[""STN_07__STN_08"", ""STN_06__STN_07"", ""STN_05__STN_06""]",0
T0014,Express 14,Express,2,86,Yes,22:30,STN_01,STN_10,"[""STN_01"", ""STN_02"", ""STN_03"", ""STN_04"", ""STN_05"", ""STN_06"", ""STN_07"", ""STN_08"", ""STN_09"", ""STN_10""]","[""STN_01__STN_02"", ""STN_02__STN_03"", ""STN_03__STN_04"", ""STN_04__STN_05"", ""STN_05__STN_06"", ""STN_06__STN_07"", ""STN_07__STN_08"", ""STN_08__STN_09"", ""STN_09__STN_10""]",0
T0015,Local 15,Local,4,56,Yes,14:43,STN_04,STN_11,"[""STN_04"", ""STN_05"", ""STN_11""]","[""STN_04__STN_05"", ""STN_05__STN_11""]",0
T0016,Local 16,Local,4,69,Yes,23:13,STN_08,STN_10,"[""STN_08"", ""STN_09"", ""STN_10""]","[""STN_08__STN_09"", ""STN_09__STN_10""]",0
T0017,Express 17,Express,2,91,Yes,16:36,STN_02,STN_04,"[""STN_02"", ""STN_03"", ""STN_04""]","[""STN_02__STN_03"", ""STN_03__STN_04""]",0
T0018,Passenger 18,Passenger,3,85,Yes,04:16,STN_11,STN_09,"[""STN_11"", ""STN_05"", ""STN_06"", ""STN_07"", ""STN_08"", ""STN_09""]","[""STN_05__STN_11"", ""STN_05__STN_06"", ""STN_06__STN_07"", ""STN_07__STN_08"", ""STN_08__STN_09""]",0
T0019,Local 19,Local,4,46,Yes,20:40,STN_05,STN_09,"[""STN_05"", ""STN_06"", ""STN_07"", ""STN_08"", ""STN_09""]","[""STN_05__STN_06"", ""STN_06__STN_07"", ""STN_07__STN_08"", ""STN_08__STN_09""]",0
T0020,Passenger 20,Passenger,3,83,Yes,23:08,STN_12,STN_07,"[""STN_12"", ""STN_11"", ""STN_05"", ""STN_06"", ""STN_07""]","[""STN_11__STN_12"", ""STN_05__STN_11"", ""STN_05__STN_06"", ""STN_06__STN_07""]",0
T0021,Passenger 21,Passenger,3,89,Yes,11:10,STN_01,STN_06,"[""STN_01"", ""STN_02"", ""STN_03"", ""STN_04"", ""STN_05"", ""STN_06""]","[""STN_01__STN_02"", ""STN_02__STN_03"", ""STN_03__STN_04"", ""STN_04__STN_05"", ""STN_05__STN_06""]",0
T0022,Freight 22,Freight,5,48,No,15:20,STN_01,STN_03,"[""STN_01"", ""STN_02"", ""STN_03""]","[""STN_01__STN_02"", ""STN_02__STN_03""]",0
T0023,Local 23,Local,4,47,Yes,03:56,STN_05,STN_03,"[""STN_05"", ""STN_04"", ""STN_03""]","[""STN_04__STN_05"", ""STN_03__STN_04""]",0
T0024,Passenger 24,Passenger,3,86,Yes,14:25,STN_08,STN_06,"[""STN_08"", ""STN_07"", ""STN_06""]","[""STN_07__STN_08"", ""STN_06__STN_07""]",0
T0025,Local 25,Local,4,52,Yes,15:59,STN_02,STN_05,"[""STN_02"", ""STN_03"", ""STN_04"", ""STN_05""]","[""STN_02__STN_03"", ""STN_03__STN_04"", ""STN_04__STN_05""]",0
T0026,Freight 26,Freight,5,43,No,15:47,STN_10,STN_07,"[""STN_10"", ""STN_09"", ""STN_08"", ""STN_07""]","[""STN_09__STN_10"", ""STN_08__STN_09"", ""STN_07__STN_08""]",0
T0027,Local 27,Local,4,48,Yes,18:53,STN_01,STN_12,"[""STN_01"", ""STN_02"", ""STN_03"", ""STN_04"", ""STN_05"", ""STN_11"", ""STN_12""]","[""STN_01__STN_02"", ""STN_02__STN_03"", ""STN_03__STN_04"", ""STN_04__STN_05"", ""STN_05__STN_11"", ""STN_11__STN_12""]",0
T0028,Passenger 28,Passenger,3,69,Yes,15:08,STN_11,STN_07,"[""STN_11"", ""STN_05"", ""STN_06"", ""STN_07""]","[""STN_05__STN_11"", ""STN_05__STN_06"", ""STN_06__STN_07""]",0
T0029,Local 29,Local,4,45,Yes,22:42,STN_05,STN_07,"[""STN_05"", ""STN_06"", ""STN_07""]","[""STN_05__STN_06"", ""STN_06__STN_07""]",0
T0030,Local 30,Local,4,60,Yes,19:04,STN_06,STN_08,"[""STN_06"", ""STN_07"", ""STN_08""]","[""STN_06__STN_07"", ""STN_07__STN_08""]",0
T0031,Freight 31,Freight,5,58,No,06:53,STN_03,STN_11,"[""STN_03"", ""STN_04"", ""STN_05"", ""STN_11""]","[""STN_03__STN_04"", ""STN_04__STN_05"", ""STN_05__STN_11""]",0
T0032,Passenger 32,Passenger,3,66,Yes,05:34,STN_03,STN_01,"[""STN_03"", ""STN_02"", ""STN_01""]","[""STN_02__STN_03"", ""STN_01__STN_02""]",0
T0033,Freight 33,Freight,5,53,No,03:46,STN_04,STN_12,"[""STN_04"", ""STN_05"", ""STN_11"", ""STN_12""]","[""STN_04__STN_05"", ""STN_05__STN_11"", ""STN_11__STN_12""]",0
T0034,Freight 34,Freight,5,38,No,10:00,STN_07,STN_04,"[""STN_07"", ""STN_06"", ""STN_05"", ""STN_04""]","[""STN_06__STN_07"", ""STN_05__STN_06"", ""STN_04__STN_05""]",0
T0035,Express 35,Express,2,84,Yes,22:07,STN_08,STN_11,"[""STN_08"", ""STN_07"", ""STN_06"", ""STN_05"", ""STN_11""]","[""STN_07__STN_08"", ""STN_06__STN_07"", ""STN_05__STN_06"", ""STN_05__STN_11""]",0
T0036,Freight 36,Freight,5,52,No,20:12,STN_08,STN_03,"[""STN_08"", ""STN_07"", ""STN_06"", ""STN_05"", ""STN_04"", ""STN_03""]","[""STN_07__STN_08"", ""STN_06__STN_07"", ""STN_05__STN_06"", ""STN_04__STN_05"", ""STN_03__STN_04""]",0
T0037,Passenger 37,Passenger,3,70,Yes,06:45,STN_06,STN_09,"[""STN_06"", ""STN_07"", ""STN_08"", ""STN_09""]","[""STN_06__STN_07"", ""STN_07__STN_08"", ""STN_08__STN_09""]",0
T0038,Local 38,Local,4,53,Yes,18:20,STN_01,STN_04,"[""STN_01"", ""STN_02"", ""STN_03"", ""STN_04""]","[""STN_01__STN_02"", ""STN_02__STN_03"", ""STN_03__STN_04""]",0
T0039,Local 39,Local,4,70,Yes,22:38,STN_09,STN_12,"[""STN_09"", ""STN_08"", ""STN_07"", ""STN_06"", ""STN_05"", ""STN_11"", ""STN_12""]","[""STN_08__STN_09"", ""STN_07__STN_08"", ""STN_06__STN_07"", ""STN_05__STN_06"", ""STN_05__STN_11"", ""STN_11__STN_12""]",0
T0040,Freight 40,Freight,5,53,No,04:55,STN_10,STN_11,"[""STN_10"", ""STN_09"", ""STN_08"", ""STN_07"", ""STN_06"", ""STN_05"", ""STN_11""]","[""STN_09__STN_10"", ""STN_08__STN_09"", ""STN_07__STN_08"", ""STN_06__STN_07"", ""STN_05__STN_06"", ""STN_05__STN_11""]",0
T0041,Local 41,Local,4,66,Yes,04:39,STN_02,STN_08,"[""STN_02"", ""STN_03"", ""STN_04"", ""STN_05"", ""STN_06"", ""STN_07"", ""STN_08""]","[""STN_02__STN_03"", ""STN_03__STN_04"", ""STN_04__STN_05"", ""STN_05__STN_06"", ""STN_06__STN_07"", ""STN_07__STN_08""]",0
T0042,Passenger 42,Passenger,3,82,Yes,00:43,STN_03,STN_10,"[""STN_03"", ""STN_04"", ""STN_05"", ""STN_06"", ""STN_07"", ""STN_08"", ""STN_09"", ""STN_10""]","[""STN_03__STN_04"", ""STN_04__STN_05"", ""STN_05__STN_06"", ""STN_06__STN_07"", ""STN_07__STN_08"", ""STN_08__STN_09"", ""STN_09__STN_10""]",0
T0043,Local 43,Local,4,49,Yes,08:07,STN_11,STN_10,"[""STN_11"", ""STN_05"", ""STN_06"", ""STN_07"", ""STN_08"", ""STN_09"", ""STN_10""]","[""STN_05__STN_11"", ""STN_05__STN_06"", ""STN_06__STN_07"", ""STN_07__STN_08"", ""STN_08__STN_09"", ""STN_09__STN_10""]",0
T0044,Freight 44,Freight,5,57,No,10:00,STN_03,STN_07,"[""STN_03"", ""STN_04"", ""STN_05"", ""STN_06"", ""STN_07""]","[""STN_03__STN_04"", ""STN_04__STN_05"", ""STN_05__STN_06"", ""STN_06__STN_07""]",0
T0045,Local 45,Local,4,48,Yes,06:57,STN_06,STN_04,"[""STN_06"", ""STN_05"", ""STN_04""]","[""STN_05__STN_06"", ""STN_04__STN_05""]",0
T0046,Local 46,Local,4,50,Yes,15:05,STN_01,STN_08,"[""STN_01"", ""STN_02"", ""STN_03"", ""STN_04"", ""STN_05"", ""STN_06"", ""STN_07"", ""STN_08""]","[""STN_01__STN_02"", ""STN_02__STN_03"", ""STN_03__STN_04"", ""STN_04__STN_05"", ""STN_05__STN_06"", ""STN_06__STN_07"", ""STN_07__STN_08""]",0
T0047,Rajdhani 47,Rajdhani,1,109,Yes,03:36,STN_04,STN_07,"[""STN_04"", ""STN_05"", ""STN_06"", ""STN_07""]","[""STN_04__STN_05"", ""STN_05__STN_06"", ""STN_06__STN_07""]",0
T0048,Freight 48,Freight,5,52,No,13:14,STN_12,STN_08,"[""STN_12"", ""STN_11"", ""STN_05"", ""STN_06"", ""STN_07"", ""STN_08""]","[""STN_11__STN_12"", ""STN_05__STN_11"", ""STN_05__STN_06"", ""STN_06__STN_07"", ""STN_07__STN_08""]",0
T0049,Passenger 49,Passenger,3,78,Yes,10:37,STN_05,STN_02,"[""STN_05"", ""STN_04"", ""STN_03"", ""STN_02""]","[""STN_04__STN_05"", ""STN_03__STN_04"", ""STN_02__STN_03""]",0
T0050,Express 50,Express,2,89,Yes,01:46,STN_12,STN_03,"[""STN_12"", ""STN_11"", ""STN_05"", ""STN_04"", ""STN_03""]","[""STN_11__STN_12"", ""STN_05__STN_11"", ""STN_04__STN_05"", ""STN_03__STN_04""]",0
T0051,Express 51,Express,2,110,Yes,06:13,STN_08,STN_02,"[""STN_08"", ""STN_07"", ""STN_06"", ""STN_05"", ""STN_04"", ""STN_03"", ""STN_02""]","[""STN_07__STN_08"", ""STN_06__STN_07"", ""STN_05__STN_06"", ""STN_04__STN_05"", ""STN_03__STN_04"", ""STN_02__STN_03""]",0
T0052,Local 52,Local,4,54,Yes,00:05,STN_08,STN_05,"[""STN_08"", ""STN_07"", ""STN_06"", ""STN_05""]","[""STN_07__STN_08"", ""STN_06__STN_07"", ""STN_05__STN_06""]",0
T0053,Local 53,Local,4,60,Yes,09:21,STN_11,STN_02,"[""STN_11"", ""STN_05"", ""STN_04"", ""STN_03"", ""STN_02""]","[""STN_05__STN_11"", ""STN_04__STN_05"", ""STN_03__STN_04"", ""STN_02__STN_03""]",0
T0054,Local 54,Local,4,54,Yes,11:58,STN_02,STN_11,"[""STN_02"", ""STN_03"", ""STN_04"", ""STN_05"", ""STN_11""]","[""STN_02__STN_03"", ""STN_03__STN_04"", ""STN_04__STN_05"", ""STN_05__STN_11""]",0
T0055,Freight 55,Freight,5,39,No,00:18,STN_03,STN_05,"[""STN_03"", ""STN_04"", ""STN_05""]","[""STN_03__STN_04"", ""STN_04__STN_05""]",0
T0056,Express 56,Express,2,102,Yes,17:44,STN_05,STN_12,"[""STN_05"", ""STN_11"", ""STN_12""]","[""STN_05__STN_11"", ""STN_11__STN_12""]",0
T0057,Express 57,Express,2,81,Yes,15:00,STN_07,STN_12,"[""STN_07"", ""STN_06"", ""STN_05"", ""STN_11"", ""STN_12""]","[""STN_06__STN_07"", ""STN_05__STN_06"", ""STN_05__STN_11"", ""STN_11__STN_12""]",0
T0058,Local 58,Local,4,48,Yes,09:58,STN_10,STN_01,"[""STN_10"", ""STN_09"", ""STN_08"", ""STN_07"", ""STN_06"", ""STN_05"", ""STN_04"", ""STN_03"", ""STN_02"", ""STN_01""]","[""STN_09__STN_10"", ""STN_08__STN_09"", ""STN_07__STN_08"", ""STN_06__STN_07"", ""STN_05__STN_06"", ""STN_04__STN_05"", ""STN_03__STN_04"", ""STN_02__STN_03"", ""STN_01__STN_02""]",0
T0059,Freight 59,Freight,5,47,No,02:26,STN_09,STN_01,"[""STN_09"", ""STN_08"", ""STN_07"", ""STN_06"", ""STN_05"", ""STN_04"", ""STN_03"", ""STN_02"", ""STN_01""]","[""STN_08__STN_09"", ""STN_07__STN_08"", ""STN_06__STN_07"", ""STN_05__STN_06"", ""STN_04__STN_05"", ""STN_03__STN_04"", ""STN_02__STN_03"", ""STN_01__STN_02""]",0
T0060,Passenger 60,Passenger,3,65,Yes,04:28,STN_05,STN_09,"[""STN_05"", ""STN_06"", ""STN_07"", ""STN_08"", ""STN_09""]","[""STN_05__STN_06"", ""STN_06__STN_07"", ""STN_07__STN_08"", ""STN_08__STN_09""]",0
T0061,Passenger 61,Passenger,3,86,Yes,22:48,STN_04,STN_08,"[""STN_04"", ""STN_05"", ""STN_06"", ""STN_07"", ""STN_08""]","[""STN_04__STN_05"", ""STN_05__STN_06"", ""STN_06__STN_07"", ""STN_07__STN_08""]",0
T0062,Local 62,Local,4,48,Yes,14:11,STN_01,STN_05,"[""STN_01"", ""STN_02"", ""STN_03"", ""STN_04"", ""STN_05""]","[""STN_01__STN_02"", ""STN_02__STN_03"", ""STN_03__STN_04"", ""STN_04__STN_05""]",0
T0063,Freight 63,Freight,5,41,No,23:31,STN_12,STN_04,"[""STN_12"", ""STN_11"", ""STN_05"", ""STN_04""]","[""STN_11__STN_12"", ""STN_05__STN_11"", ""STN_04__STN_05""]",0
T0064,Freight 64,Freight,5,47,No,02:15,STN_07,STN_11,"[""STN_07"", ""STN_06"", ""STN_05"", ""STN_11""]","[""STN_06__STN_07"", ""STN_05__STN_06"", ""STN_05__STN_11""]",0
T0065,Freight 65,Freight,5,49,No,19:35,STN_02,STN_09,"[""STN_02"", ""STN_03"", ""STN_04"", ""STN_05"", ""STN_06"", ""STN_07"", ""STN_08"", ""STN_09""]","[""STN_02__STN_03"", ""STN_03__STN_04"", ""STN_04__STN_05"", ""STN_05__STN_06"", ""STN_06__STN_07"", ""STN_07__STN_08"", ""STN_08__STN_09""]",0
T0066,Passenger 66,Passenger,3,82,Yes,06:20,STN_01,STN_10,"[""STN_01"", ""STN_02"", ""STN_03"", ""STN_04"", ""STN_05"", ""STN_06"", ""STN_07"", ""STN_08"", ""STN_09"", ""STN_10""]","[""STN_01__STN_02"", ""STN_02__STN_03"", ""STN_03__STN_04"", ""STN_04__STN_05"", ""STN_05__STN_06"", ""STN_06__STN_07"", ""STN_07__STN_08"", ""STN_08__STN_09"", ""STN_09__STN_10""]",0
T0067,Express 67,Express,2,82,Yes,01:09,STN_10,STN_07,"[""STN_10"", ""STN_09"", ""STN_08"", ""STN_07""]","[""STN_09__STN_10"", ""STN_08__STN_09"", ""STN_07__STN_08""]",0
T0068,Local 68,Local,4,68,Yes,03:07,STN_08,STN_05,"[""STN_08"", ""STN_07"", ""STN_06"", ""STN_05""]","[""STN_07__STN_08"", ""STN_06__STN_07"", ""STN_05__STN_06""]",0
T0069,Local 69,Local,4,49,Yes,20:29,STN_04,STN_07,"[""STN_04"", ""STN_05"", ""STN_06"", ""STN_07""]","[""STN_04__STN_05"", ""STN_05__STN_06"", ""STN_06__STN_07""]",0
T0070,Freight 70,Freight,5,56,No,04:16,STN_07,STN_05,"[""STN_07"", ""STN_06"", ""STN_05""]","[""STN_06__STN_07"", ""STN_05__STN_06""]",0
T0071,Express 71,Express,2,99,Yes,13:46,STN_12,STN_08,"[""STN_12"", ""STN_11"", ""STN_05"", ""STN_06"", ""STN_07"", ""STN_08""]","[""STN_11__STN_12"", ""STN_05__STN_11"", ""STN_05__STN_06"", ""STN_06__STN_07"", ""STN_07__STN_08""]",0
T0072,Freight 72,Freight,5,55,No,19:02,STN_01,STN_05,"[""STN_01"", ""STN_02"", ""STN_03"", ""STN_04"", ""STN_05""]","[""STN_01__STN_02"", ""STN_02__STN_03"", ""STN_03__STN_04"", ""STN_04__STN_05""]",0
T0073,Local 73,Local,4,68,Yes,21:07,STN_06,STN_09,"[""STN_06"", ""STN_07"", ""STN_08"", ""STN_09""]","[""STN_06__STN_07"", ""STN_07__STN_08"", ""STN_08__STN_09""]",0
T0074,Freight 74,Freight,5,58,No,19:59,STN_06,STN_02,"[""STN_06"", ""STN_05"", ""STN_04"", ""STN_03"", ""STN_02""]","[""STN_05__STN_06"", ""STN_04__STN_05"", ""STN_03__STN_04"", ""STN_02__STN_03""]",0
T0075,Freight 75,Freight,5,46,No,04:28,STN_02,STN_07,"[""STN_02"", ""STN_03"", ""STN_04"", ""STN_05"", ""STN_06"", ""STN_07""]","[""STN_02__STN_03"", ""STN_03__STN_04"", ""STN_04__STN_05"", ""STN_05__STN_06"", ""STN_06__STN_07""]",0
T0076,Local 76,Local,4,59,Yes,00:49,STN_09,STN_06,"[""STN_09"", ""STN_08"", ""STN_07"", ""STN_06""]","[""STN_08__STN_09"", ""STN_07__STN_08"", ""STN_06__STN_07""]",0
T0077,Express 77,Express,2,81,Yes,07:57,STN_05,STN_08,"[""STN_05"", ""STN_06"", ""STN_07"", ""STN_08""]","[""STN_05__STN_06"", ""STN_06__STN_07"", ""STN_07__STN_08""]",0
T0078,Local 78,Local,4,70,Yes,00:02,STN_09,STN_07,"[""STN_09"", ""STN_08"", ""STN_07""]","[""STN_08__STN_09"", ""STN_07__STN_08""]",0
T0079,Freight 79,Freight,5,54,No,05:07,STN_07,STN_05,"[""STN_07"", ""STN_06"", ""STN_05""]","[""STN_06__STN_07"", ""STN_05__STN_06""]",0
T0080,Passenger 80,Passenger,3,71,Yes,16:32,STN_02,STN_11,"[""STN_02"", ""STN_03"", ""STN_04"", ""STN_05"", ""STN_11""]","[""STN_02__STN_03"", ""STN_03__STN_04"", ""STN_04__STN_05"", ""STN_05__STN_11""]",0
T0081,Express 81,Express,2,86,Yes,05:43,STN_10,STN_01,"[""STN_10"", ""STN_09"", ""STN_08"", ""STN_07"", ""STN_06"", ""STN_05"", ""STN_04"", ""STN_03"", ""STN_02"", ""STN_01""]","[""STN_09__STN_10"", ""STN_08__STN_09"", ""STN_07__STN_08"", ""STN_06__STN_07"", ""STN_05__STN_06"", ""STN_04__STN_05"", ""STN_03__STN_04"", ""STN_02__STN_03"", ""STN_01__STN_02""]",0
T0082,Local 82,Local,4,40,Yes,05:47,STN_03,STN_05,"[""STN_03"", ""STN_04"", ""STN_05""]","[""STN_03__STN_04"", ""STN_04__STN_05""]",0
T0083,Local 83,Local,4,64,Yes,00:15,STN_06,STN_09,"[""STN_06"", ""STN_07"", ""STN_08"", ""STN_09""]","[""STN_06__STN_07"", ""STN_07__STN_08"", ""STN_08__STN_09""]",0
T0084,Local 84,Local,4,70,Yes,07:41,STN_07,STN_11,"[""STN_07"", ""STN_06"", ""STN_05"", ""STN_11""]","[""STN_06__STN_07"", ""STN_05__STN_06"", ""STN_05__STN_11""]",0
T0085,Express 85,Express,2,99,Yes,22:43,STN_11,STN_10,"[""STN_11"", ""STN_05"", ""STN_06"", ""STN_07"", ""STN_08"", ""STN_09"", ""STN_10""]","[""STN_05__STN_11"", ""STN_05__STN_06"", ""STN_06__STN_07"", ""STN_07__STN_08"", ""STN_08__STN_09"", ""STN_09__STN_10""]",0
T0086,Local 86,Local,4,47,Yes,07:14,STN_07,STN_12,"[""STN_07"", ""STN_06"", ""STN_05"", ""STN_11"", ""STN_12""]","[""STN_06__STN_07"", ""STN_05__STN_06"", ""STN_05__STN_11"", ""STN_11__STN_12""]",0
T0087,Express 87,Express,2,103,Yes,22:59,STN_06,STN_03,"[""STN_06"", ""STN_05"", ""STN_04"", ""STN_03""]","[""STN_05__STN_06"", ""STN_04__STN_05"", ""STN_03__STN_04""]",0
T0088,Freight 88,Freight,5,59,No,05:45,STN_07,STN_12,"[""STN_07"", ""STN_06"", ""STN_05"", ""STN_11"", ""STN_12""]","[""STN_06__STN_07"", ""STN_05__STN_06"", ""STN_05__STN_11"", ""STN_11__STN_12""]",0
T0089,Express 89,Express,2,107,Yes,07:55,STN_09,STN_06,"[""STN_09"", ""STN_08"", ""STN_07"", ""STN_06""]","[""STN_08__STN_09"", ""STN_07__STN_08"", ""STN_06__STN_07""]",0
T0090,Freight 90,Freight,5,54,No,00:47,STN_09,STN_01,"[""STN_09"", ""STN_08"", ""STN_07"", ""STN_06"", ""STN_05"", ""STN_04"", ""STN_03"", ""STN_02"", ""STN_01""]","[""STN_08__STN_09"", ""STN_07__STN_08"", ""STN_06__STN_07"", ""STN_05__STN_06"", ""STN_04__STN_05"", ""STN_03__STN_04"", ""STN_02__STN_03"", ""STN_01__STN_02""]",0
T0091,Local 91,Local,4,50,Yes,14:38,STN_03,STN_06,"[""STN_03"", ""STN_04"", ""STN_05"", ""STN_06""]","[""STN_03__STN_04"", ""STN_04__STN_05"", ""STN_05__STN_06""]",0
T0092,Local 92,Local,4,41,Yes,13:17,STN_11,STN_02,"[""STN_11"", ""STN_05"", ""STN_04"", ""STN_03"", ""STN_02""]","[""STN_05__STN_11"", ""STN_04__STN_05"", ""STN_03__STN_04"", ""STN_02__STN_03""]",0
T0093,Local 93,Local,4,56,Yes,17:29,STN_01,STN_04,"[""STN_01"", ""STN_02"", ""STN_03"", ""STN_04""]","[""STN_01__STN_02"", ""STN_02__STN_03"", ""STN_03__STN_04""]",0
T0094,Passenger 94,Passenger,3,63,Yes,18:41,STN_01,STN_08,"[""STN_01"", ""STN_02"", ""STN_03"", ""STN_04"", ""STN_05"", ""STN_06"", ""STN_07"", ""STN_08""]","[""STN_01__STN_02"", ""STN_02__STN_03"", ""STN_03__STN_04"", ""STN_04__STN_05"", ""STN_05__STN_06"", ""STN_06__STN_07"", ""STN_07__STN_08""]",0
T0095,Local 95,Local,4,70,Yes,01:05,STN_06,STN_03,"[""STN_06"", ""STN_05"", ""STN_04"", ""STN_03""]","[""STN_05__STN_06"", ""STN_04__STN_05"", ""STN_03__STN_04""]",0
T0096,Local 96,Local,4,56,Yes,14:35,STN_02,STN_07,"[""STN_02"", ""STN_03"", ""STN_04"", ""STN_05"", ""STN_06"", ""STN_07""]","[""STN_02__STN_03"", ""STN_03__STN_04"", ""STN_04__STN_05"", ""STN_05__STN_06"", ""STN_06__STN_07""]",0
T0097,Passenger 97,Passenger,3,64,Yes,09:13,STN_03,STN_10,"[""STN_03"", ""STN_04"", ""STN_05"", ""STN_06"", ""STN_07"", ""STN_08"", ""STN_09"", ""STN_10""]","[""STN_03__STN_04"", ""STN_04__STN_05"", ""STN_05__STN_06"", ""STN_06__STN_07"", ""STN_07__STN_08"", ""STN_08__STN_09"", ""STN_09__STN_10""]",0
T0098,Local 98,Local,4,55,Yes,14:20,STN_08,STN_11,"[""STN_08"", ""STN_07"", ""STN_06"", ""STN_05"", ""STN_11""]","[""STN_07__STN_08"", ""STN_06__STN_07"", ""STN_05__STN_06"", ""STN_05__STN_11""]",0
T0099,Freight 99,Freight,5,37,No,19:47,STN_09,STN_07,"[""STN_09"", ""STN_08"", ""STN_07""]","[""STN_08__STN_09"", ""STN_07__STN_08""]",0
T0100,Express 100,Express,2,109,Yes,10:25,STN_10,STN_11,"[""STN_10"", ""STN_09"", ""STN_08"", ""STN_07"", ""STN_06"", ""STN_05"", ""STN_11""]","[""STN_09__STN_10"", ""STN_08__STN_09"", ""STN_07__STN_08"", ""STN_06__STN_07"", ""STN_05__STN_06"", ""STN_05__STN_11""]",0
T0101,Local 101,Local,4,59,Yes,16:43,STN_03,STN_06,"[""STN_03"", ""STN_04"", ""STN_05"", ""STN_06""]","[""STN_03__STN_04"", ""STN_04__STN_05"", ""STN_05__STN_06""]",0
T0102,Express 102,Express,2,83,Yes,17:11,STN_09,STN_11,"[""STN_09"", ""STN_08"", ""STN_07"", ""STN_06"", ""STN_05"", ""STN_11""]","[""STN_08__STN_09"", ""STN_07__STN_08"", ""STN_06__STN_07"", ""STN_05__STN_06"", ""STN_05__STN_11""]",0
T0103,Local 103,Local,4,61,Yes,00:18,STN_07,STN_03,"[""STN_07"", ""STN_06"", ""STN_05"", ""STN_04"", ""STN_03""]","[""STN_06__STN_07"", ""STN_05__STN_06"", ""STN_04__STN_05"", ""STN_03__STN_04""]",0
T0104,Local 104,Local,4,56,Yes,02:53,STN_02,STN_11,"[""STN_02"", ""STN_03"", ""STN_04"", ""STN_05"", ""STN_11""]","[""STN_02__STN_03"", ""STN_03__STN_04"", ""STN_04__STN_05"", ""STN_05__STN_11""]",0
T0105,Express 105,Express,2,82,Yes,21:19,STN_05,STN_02,"[""STN_05"", ""STN_04"", ""STN_03"", ""STN_02""]","[""STN_04__STN_05"", ""STN_03__STN_04"", ""STN_02__STN_03""]",0
T0106,Local 106,Local,4,59,Yes,09:32,STN_07,STN_03,"[""STN_07"", ""STN_06"", ""STN_05"", ""STN_04"", ""STN_03""]","[""STN_06__STN_07"", ""STN_05__STN_06"", ""STN_04__STN_05"", ""STN_03__STN_04""]",0
T0107,Local 107,Local,4,49,Yes,11:59,STN_12,STN_08,"[""STN_12"", ""STN_11"", ""STN_05"", ""STN_06"", ""STN_07"", ""STN_08""]","[""STN_11__STN_12"", ""STN_05__STN_11"", ""STN_05__STN_06"", ""STN_06__STN_07"", ""STN_07__STN_08""]",0
T0108,Local 108,Local,4,45,Yes,08:43,STN_04,STN_10,"[""STN_04"", ""STN_05"", ""STN_06"", ""STN_07"", ""STN_08"", ""STN_09"", ""STN_10""]","[""STN_04__STN_05"", ""STN_05__STN_06"", ""STN_06__STN_07"", ""STN_07__STN_08"", ""STN_08__STN_09"", ""STN_09__STN_10""]",0
T0109,Freight 109,Freight,5,49,No,18:09,STN_06,STN_01,"[""STN_06"", ""STN_05"", ""STN_04"", ""STN_03"", ""STN_02"", ""STN_01""]","[""STN_05__STN_06"", ""STN_04__STN_05"", ""STN_03__STN_04"", ""STN_02__STN_03"", ""STN_01__STN_02""]",0
T0110,Express 110,Express,2,89,Yes,08:44,STN_08,STN_12,"[""STN_08"", ""STN_07"", ""STN_06"", ""STN_05"", ""STN_11"", ""STN_12""]","[""STN_07__STN_08"", ""STN_06__STN_07"", ""STN_05__STN_06"", ""STN_05__STN_11"", ""STN_11__STN_12""]",0
T0111,Express 111,Express,2,89,Yes,01:48,STN_04,STN_07,"[""STN_04"", ""STN_05"", ""STN_06"", ""STN_07""]","[""STN_04__STN_05"", ""STN_05__STN_06"", ""STN_06__STN_07""]",0
T0112,Rajdhani 112,Rajdhani,1,116,Yes,08:54,STN_10,STN_04,"[""STN_10"", ""STN_09"", ""STN_08"", ""STN_07"", ""STN_06"", ""STN_05"", ""STN_04""]","[""STN_09__STN_10"", ""STN_08__STN_09"", ""STN_07__STN_08"", ""STN_06__STN_07"", ""STN_05__STN_06"", ""STN_04__STN_05""]",0
T0113,Passenger 113,Passenger,3,75,Yes,17:12,STN_01,STN_11,"[""STN_01"", ""STN_02"", ""STN_03"", ""STN_04"", ""STN_05"", ""STN_11""]","[""STN_01__STN_02"", ""STN_02__STN_03"", ""STN_03__STN_04"", ""STN_04__STN_05"", ""STN_05__STN_11""]",0
T0114,Express 114,Express,2,97,Yes,09:58,STN_06,STN_11,"[""STN_06"", ""STN_05"", ""STN_11""]","[""STN_05__STN_06"", ""STN_05__STN_11""]",0
T0115,Local 115,Local,4,45,Yes,05:15,STN_12,STN_08,"[""STN_12"", ""STN_11"", ""STN_05"", ""STN_06"", ""STN_07"", ""STN_08""]","[""STN_11__STN_12"", ""STN_05__STN_11"", ""STN_05__STN_06"", ""STN_06__STN_07"", ""STN_07__STN_08""]",0
T0116,Passenger 116,Passenger,3,84,Yes,15:19,STN_01,STN_11,"[""STN_01"", ""STN_02"", ""STN_03"", ""STN_04"", ""STN_05"", ""STN_11""]","[""STN_01__STN_02"", ""STN_02__STN_03"", ""STN_03__STN_04"", ""STN_04__STN_05"", ""STN_05__STN_11""]",0
T0117,Express 117,Express,2,93,Yes,00:33,STN_02,STN_07,"[""STN_02"", ""STN_03"", ""STN_04"", ""STN_05"", ""STN_06"", ""STN_07""]","[""STN_02__STN_03"", ""STN_03__STN_04"", ""STN_04__STN_05"", ""STN_05__STN_06"", ""STN_06__STN_07""]",0
T0118,Express 118,Express,2,107,Yes,18:50,STN_06,STN_10,"[""STN_06"", ""STN_07"", ""STN_08"", ""STN_09"", ""STN_10""]","[""STN_06__STN_07"", ""STN_07__STN_08"", ""STN_08__STN_09"", ""STN_09__STN_10""]",0
T0119,Freight 119,Freight,5,39,No,18:57,STN_10,STN_11,"[""STN_10"", ""STN_09"", ""STN_08"", ""STN_07"", ""STN_06"", ""STN_05"", ""STN_11""]","[""STN_09__STN_10"", ""STN_08__STN_09"", ""STN_07__STN_08"", ""STN_06__STN_07"", ""STN_05__STN_06"", ""STN_05__STN_11""]",0
T0120,Passenger 120,Passenger,3,80,Yes,21:02,STN_12,STN_03,"[""STN_12"", ""STN_11"", ""STN_05"", ""STN_04"", ""STN_03""]","[""STN_11__STN_12"", ""STN_05__STN_11"", ""STN_04__STN_05"", ""STN_03__STN_04""]",0
T0121,Freight 121,Freight,5,50,No,08:37,STN_04,STN_02,"[""STN_04"", ""STN_03"", ""STN_02""]","[""STN_03__STN_04"", ""STN_02__STN_03""]",0
T0122,Local 122,Local,4,42,Yes,02:47,STN_11,STN_06,"[""STN_11"", ""STN_05"", ""STN_06""]","[""STN_05__STN_11"", ""STN_05__STN_06""]",0
T0123,Passenger 123,Passenger,3,65,Yes,21:21,STN_03,STN_06,"[""STN_03"", ""STN_04"", ""STN_05"", ""STN_06""]","[""STN_03__STN_04"", ""STN_04__STN_05"", ""STN_05__STN_06""]",0
T0124,Local 124,Local,4,51,Yes,06:56,STN_03,STN_10,"[""STN_03"", ""STN_04"", ""STN_05"", ""STN_06"", ""STN_07"", ""STN_08"", ""STN_09"", ""STN_10""]","[""STN_03__STN_04"", ""STN_04__STN_05"", ""STN_05__STN_06"", ""STN_06__STN_07"", ""STN_07__STN_08"", ""STN_08__STN_09"", ""STN_09__STN_10""]",0
T0125,Freight 125,Freight,5,36,No,09:13,STN_02,STN_09,"[""STN_02"", ""STN_03"", ""STN_04"", ""STN_05"", ""STN_06"", ""STN_07"", ""STN_08"", ""STN_09""]","[""STN_02__STN_03"", ""STN_03__STN_04"", ""STN_04__STN_05"", ""STN_05__STN_06"", ""STN_06__STN_07"", ""STN_07__STN_08"", ""STN_08__STN_09""]",0
T0126,Local 126,Local,4,45,Yes,00:39,STN_11,STN_10,"[""STN_11"", ""STN_05"", ""STN_06"", ""STN_07"", ""STN_08"", ""STN_09"", ""STN_10""]","[""STN_05__STN_11"", ""STN_05__STN_06"", ""STN_06__STN_07"", ""STN_07__STN_08"", ""STN_08__STN_09"", ""STN_09__STN_10""]",0
T0127,Freight 127,Freight,5,52,No,12:21,STN_05,STN_08,"[""STN_05"", ""STN_06"", ""STN_07"", ""STN_08""]","[""STN_05__STN_06"", ""STN_06__STN_07"", ""STN_07__STN_08""]",0
T0128,Local 128,Local,4,54,Yes,00:42,STN_04,STN_06,"[""STN_04"", ""STN_05"", ""STN_06""]","[""STN_04__STN_05"", ""STN_05__STN_06""]",0
T0129,Freight 129,Freight,5,46,No,16:38,STN_07,STN_03,"[""STN_07"", ""STN_06"", ""STN_05"", ""STN_04"", ""STN_03""]","[""STN_06__STN_07"", ""STN_05__STN_06"", ""STN_04__STN_05"", ""STN_03__STN_04""]",0
T0130,Freight 130,Freight,5,54,No,09:27,STN_07,STN_04,"[""STN_07"", ""STN_06"", ""STN_05"", ""STN_04""]","[""STN_06__STN_07"", ""STN_05__STN_06"", ""STN_04__STN_05""]",0
T0131,Freight 131,Freight,5,49,No,20:58,STN_08,STN_05,"[""STN_08"", ""STN_07"", ""STN_06"", ""STN_05""]","[""STN_07__STN_08"", ""STN_06__STN_07"", ""STN_05__STN_06""]",0
T0132,Passenger 132,Passenger,3,61,Yes,00:23,STN_05,STN_08,"[""STN_05"", ""STN_06"", ""STN_07"", ""STN_08""]","[""STN_05__STN_06"", ""STN_06__STN_07"", ""STN_07__STN_08""]",0
T0133,Freight 133,Freight,5,58,No,17:40,STN_06,STN_01,"[""STN_06"", ""STN_05"", ""STN_04"", ""STN_03"", ""STN_02"", ""STN_01""]","[""STN_05__STN_06"", ""STN_04__STN_05"", ""STN_03__STN_04"", ""STN_02__STN_03"", ""STN_01__STN_02""]",0
T0134,Local 134,Local,4,44,Yes,16:44,STN_02,STN_07,"[""STN_02"", ""STN_03"", ""STN_04"", ""STN_05"", ""STN_06"", ""STN_07""]","[""STN_02__STN_03"", ""STN_03__STN_04"", ""STN_04__STN_05"", ""STN_05__STN_06"", ""STN_06__STN_07""]",0
T0135,Express 135,Express,2,108,Yes,15:11,STN_09,STN_03,"[""STN_09"", ""STN_08"", ""STN_07"", ""STN_06"", ""STN_05"", ""STN_04"", ""STN_03""]","[""STN_08__STN_09"", ""STN_07__STN_08"", ""STN_06__STN_07"", ""STN_05__STN_06"", ""STN_04__STN_05"", ""STN_03__STN_04""]",0
T0136,Rajdhani 136,Rajdhani,1,110,Yes,18:13,STN_11,STN_02,"[""STN_11"", ""STN_05"", ""STN_04"", ""STN_03"", ""STN_02""]","[""STN_05__STN_11"", ""STN_04__STN_05"", ""STN_03__STN_04"", ""STN_02__STN_03""]",0
T0137,Local 137,Local,4,64,Yes,05:45,STN_04,STN_12,"[""STN_04"", ""STN_05"", ""STN_11"", ""STN_12""]","[""STN_04__STN_05"", ""STN_05__STN_11"", ""STN_11__STN_12""]",0
T0138,Local 138,Local,4,41,Yes,07:45,STN_10,STN_12,"[""STN_10"", ""STN_09"", ""STN_08"", ""STN_07"", ""STN_06"", ""STN_05"", ""STN_11"", ""STN_12""]","[""STN_09__STN_10"", ""STN_08__STN_09"", ""STN_07__STN_08"", ""STN_06__STN_07"", ""STN_05__STN_06"", ""STN_05__STN_11"", ""STN_11__STN_12""]",0
T0139,Freight 139,Freight,5,49,No,22:38,STN_09,STN_06,"[""STN_09"", ""STN_08"", ""STN_07"", ""STN_06""]","[""STN_08__STN_09"", ""STN_07__STN_08"", ""STN_06__STN_07""]",0
T0140,Local 140,Local,4,46,Yes,11:40,STN_09,STN_05,"[""STN_09"", ""STN_08"", ""STN_07"", ""STN_06"", ""STN_05""]","[""STN_08__STN_09"", ""STN_07__STN_08"", ""STN_06__STN_07"", ""STN_05__STN_06""]",0
T0141,Freight 141,Freight,5,58,No,03:05,STN_02,STN_10,"[""STN_02"", ""STN_03"", ""STN_04"", ""STN_05"", ""STN_06"", ""STN_07"", ""STN_08"", ""STN_09"", ""STN_10""]","[""STN_02__STN_03"", ""STN_03__STN_04"", ""STN_04__STN_05"", ""STN_05__STN_06"", ""STN_06__STN_07"", ""STN_07__STN_08"", ""STN_08__STN_09"", ""STN_09__STN_10""]",0
T0142,Local 142,Local,4,48,Yes,00:01,STN_10,STN_12,"[""STN_10"", ""STN_09"", ""STN_08"", ""STN_07"", ""STN_06"", ""STN_05"", ""STN_11"", ""STN_12""]","[""STN_09__STN_10"", ""STN_08__STN_09"", ""STN_07__STN_08"", ""STN_06__STN_07"", ""STN_05__STN_06"", ""STN_05__STN_11"", ""STN_11__STN_12""]",0
T0143,Express 143,Express,2,110,Yes,11:55,STN_11,STN_10,"[""STN_11"", ""STN_05"", ""STN_06"", ""STN_07"", ""STN_08"", ""STN_09"", ""STN_10""]","[""STN_05__STN_11"", ""STN_05__STN_06"", ""STN_06__STN_07"", ""STN_07__STN_08"", ""STN_08__STN_09"", ""STN_09__STN_10""]",0
T0144,Freight 144,Freight,5,44,No,00:34,STN_05,STN_10,"[""STN_05"", ""STN_06"", ""STN_07"", ""STN_08"", ""STN_09"", ""STN_10""]","[""STN_05__STN_06"", ""STN_06__STN_07"", ""STN_07__STN_08"", ""STN_08__STN_09"", ""STN_09__STN_10""]",0
T0145,Express 145,Express,2,83,Yes,19:39,STN_06,STN_03,"[""STN_06"", ""STN_05"", ""STN_04"", ""STN_03""]","[""STN_05__STN_06"", ""STN_04__STN_05"", ""STN_03__STN_04""]",0
T0146,Local 146,Local,4,46,Yes,01:48,STN_03,STN_10,"[""STN_03"", ""STN_04"", ""STN_05"", ""STN_06"", ""STN_07"", ""STN_08"", ""STN_09"", ""STN_10""]","[""STN_03__STN_04"", ""STN_04__STN_05"", ""STN_05__STN_06"", ""STN_06__STN_07"", ""STN_07__STN_08"", ""STN_08__STN_09"", ""STN_09__STN_10""]",0
T0147,Local 147,Local,4,40,Yes,12:03,STN_06,STN_12,"[""STN_06"", ""STN_05"", ""STN_11"", ""STN_12""]","[""STN_05__STN_06"", ""STN_05__STN_11"", ""STN_11__STN_12""]",0
T0148,Local 148,Local,4,60,Yes,11:28,STN_10,STN_04,"[""STN_10"", ""STN_09"", ""STN_08"", ""STN_07"", ""STN_06"", ""STN_05"", ""STN_04""]","[""STN_09__STN_10"", ""STN_08__STN_09"", ""STN_07__STN_08"", ""STN_06__STN_07"", ""STN_05__STN_06"", ""STN_04__STN_05""]",0
T0149,Freight 149,Freight,5,37,No,16:20,STN_09,STN_12,"[""STN_09"", ""STN_08"", ""STN_07"", ""STN_06"", ""STN_05"", ""STN_11"", ""STN_12""]","[""STN_08__STN_09"", ""STN_07__STN_08"", ""STN_06__STN_07"", ""STN_05__STN_06"", ""STN_05__STN_11"", ""STN_11__STN_12""]",0
T0150,Local 150,Local,4,42,Yes,08:30,STN_01,STN_08,"[""STN_01"", ""STN_02"", ""STN_03"", ""STN_04"", ""STN_05"", ""STN_06"", ""STN_07"", ""STN_08""]","[""STN_01__STN_02"", ""STN_02__STN_03"", ""STN_03__STN_04"", ""STN_04__STN_05"", ""STN_05__STN_06"", ""STN_06__STN_07"", ""STN_07__STN_08""]",0
T0151,Freight 151,Freight,5,36,No,10:08,STN_05,STN_07,"[""STN_05"", ""STN_06"", ""STN_07""]","[""STN_05__STN_06"", ""STN_06__STN_07""]",0
T0152,Local 152,Local,4,53,Yes,03:18,STN_07,STN_02,"[""STN_07"", ""STN_06"", ""STN_05"", ""STN_04"", ""STN_03"", ""STN_02""]","[""STN_06__STN_07"", ""STN_05__STN_06"", ""STN_04__STN_05"", ""STN_03__STN_04"", ""STN_02__STN_03""]",0
T0153,Local 153,Local,4,49,Yes,22:35,STN_08,STN_11,"[""STN_08"", ""STN_07"", ""STN_06"", ""STN_05"", ""STN_11""]","[""STN_07__STN_08"", ""STN_06__STN_07"", ""STN_05__STN_06"", ""STN_05__STN_11""]",0
T0154,Express 154,Express,2,101,Yes,04:32,STN_07,STN_10,"[""STN_07"", ""STN_08"", ""STN_09"", ""STN_10""]","[""STN_07__STN_08"", ""STN_08__STN_09"", ""STN_09__STN_10""]",0
T0155,Express 155,Express,2,103,Yes,18:58,STN_01,STN_07,"[""STN_01"", ""STN_02"", ""STN_03"", ""STN_04"", ""STN_05"", ""STN_06"", ""STN_07""]","[""STN_01__STN_02"", ""STN_02__STN_03"", ""STN_03__STN_04"", ""STN_04__STN_05"", ""STN_05__STN_06"", ""STN_06__STN_07""]",0
T0156,Freight 156,Freight,5,56,No,18:06,STN_09,STN_04,"[""STN_09"", ""STN_08"", ""STN_07"", ""STN_06"", ""STN_05"", ""STN_04""]","[""STN_08__STN_09"", ""STN_07__STN_08"", ""STN_06__STN_07"", ""STN_05__STN_06"", ""STN_04__STN_05""]",0
T0157,Passenger 157,Passenger,3,73,Yes,14:14,STN_07,STN_03,"[""STN_07"", ""STN_06"", ""STN_05"", ""STN_04"", ""STN_03""]","[""STN_06__STN_07"", ""STN_05__STN_06"", ""STN_04__STN_05"", ""STN_03__STN_04""]",0
T0158,Freight 158,Freight,5,52,No,12:17,STN_03,STN_07,"[""STN_03"", ""STN_04"", ""STN_05"", ""STN_06"", ""STN_07""]","[""STN_03__STN_04"", ""STN_04__STN_05"", ""STN_05__STN_06"", ""STN_06__STN_07""]",0
T0159,Express 159,Express,2,92,Yes,00:34,STN_11,STN_10,"[""STN_11"", ""STN_05"", ""STN_06"", ""STN_07"", ""STN_08"", ""STN_09"", ""STN_10""]","[""STN_05__STN_11"", ""STN_05__STN_06"", ""STN_06__STN_07"", ""STN_07__STN_08"", ""STN_08__STN_09"", ""STN_09__STN_10""]",0
T0160,Express 160,Express,2,104,Yes,03:44,STN_08,STN_04,"[""STN_08"", ""STN_07"", ""STN_06"", ""STN_05"", ""STN_04""]","[""STN_07__STN_08"", ""STN_06__STN_07"", ""STN_05__STN_06"", ""STN_04__STN_05""]",0
T0161,Passenger 161,Passenger,3,76,Yes,20:01,STN_02,STN_12,"[""STN_02"", ""STN_03"", ""STN_04"", ""STN_05"", ""STN_11"", ""STN_12""]","[""STN_02__STN_03"", ""STN_03__STN_04"", ""STN_04__STN_05"", ""STN_05__STN_11"", ""STN_11__STN_12""]",0
T0162,Local 162,Local,4,44,Yes,11:51,STN_04,STN_06,"[""STN_04"", ""STN_05"", ""STN_06""]","[""STN_04__STN_05"", ""STN_05__STN_06""]",0
T0163,Local 163,Local,4,61,Yes,01:54,STN_08,STN_12,"[""STN_08"", ""STN_07"", ""STN_06"", ""STN_05"", ""STN_11"", ""STN_12""]","[""STN_07__STN_08"", ""STN_06__STN_07"", ""STN_05__STN_06"", ""STN_05__STN_11"", ""STN_11__STN_12""]",0
T0164,Freight 164,Freight,5,37,No,04:13,STN_11,STN_01,"[""STN_11"", ""STN_05"", ""STN_04"", ""STN_03"", ""STN_02"", ""STN_01""]","[""STN_05__STN_11"", ""STN_04__STN_05"", ""STN_03__STN_04"", ""STN_02__STN_03"", ""STN_01__STN_02""]",0
T0165,Local 165,Local,4,55,Yes,04:32,STN_11,STN_08,"[""STN_11"", ""STN_05"", ""STN_06"", ""STN_07"", ""STN_08""]","[""STN_05__STN_11"", ""STN_05__STN_06"", ""STN_06__STN_07"", ""STN_07__STN_08""]",0
T0166,Freight 166,Freight,5,40,No,12:13,STN_09,STN_03,"[""STN_09"", ""STN_08"", ""STN_07"", ""STN_06"", ""STN_05"", ""STN_04"", ""STN_03""]","[""STN_08__STN_09"", ""STN_07__STN_08"", ""STN_06__STN_07"", ""STN_05__STN_06"", ""STN_04__STN_05"", ""STN_03__STN_04""]",0
T0167,Freight 167,Freight,5,55,No,07:11,STN_11,STN_01,"[""STN_11"", ""STN_05"", ""STN_04"", ""STN_03"", ""STN_02"", ""STN_01""]","[""STN_05__STN_11"", ""STN_04__STN_05"", ""STN_03__STN_04"", ""STN_02__STN_03"", ""STN_01__STN_02""]",0
T0168,Freight 168,Freight,5,51,No,11:12,STN_01,STN_04,"[""STN_01"", ""STN_02"", ""STN_03"", ""STN_04""]","[""STN_01__STN_02"", ""STN_02__STN_03"", ""STN_03__STN_04""]",0
T0169,Local 169,Local,4,48,Yes,10:07,STN_11,STN_01,"[""STN_11"", ""STN_05"", ""STN_04"", ""STN_03"", ""STN_02"", ""STN_01""]","[""STN_05__STN_11"", ""STN_04__STN_05"", ""STN_03__STN_04"", ""STN_02__STN_03"", ""STN_01__STN_02""]",0
T0170,Passenger 170,Passenger,3,88,Yes,17:06,STN_09,STN_06,"[""STN_09"", ""STN_08"", ""STN_07"", ""STN_06""]","[""STN_08__STN_09"", ""STN_07__STN_08"", ""STN_06__STN_07""]",0
T0171,Local 171,Local,4,66,Yes,00:39,STN_02,STN_06,"[""STN_02"", ""STN_03"", ""STN_04"", ""STN_05"", ""STN_06""]","[""STN_02__STN_03"", ""STN_03__STN_04"", ""STN_04__STN_05"", ""STN_05__STN_06""]",0
T0172,Passenger 172,Passenger,3,90,Yes,23:59,STN_03,STN_11,"[""STN_03"", ""STN_04"", ""STN_05"", ""STN_11""]","[""STN_03__STN_04"", ""STN_04__STN_05"", ""STN_05__STN_11""]",0
T0173,Express 173,Express,2,102,Yes,17:17,STN_11,STN_03,"[""STN_11"", ""STN_05"", ""STN_04"", ""STN_03""]","[""STN_05__STN_11"", ""STN_04__STN_05"", ""STN_03__STN_04""]",0
T0174,Express 174,Express,2,82,Yes,19:19,STN_03,STN_07,"[""STN_03"", ""STN_04"", ""STN_05"", ""STN_06"", ""STN_07""]","[""STN_03__STN_04"", ""STN_04__STN_05"", ""STN_05__STN_06"", ""STN_06__STN_07""]",0
T0175,Passenger 175,Passenger,3,69,Yes,23:05,STN_02,STN_12,"[""STN_02"", ""STN_03"", ""STN_04"", ""STN_05"", ""STN_11"", ""STN_12""]","[""STN_02__STN_03"", ""STN_03__STN_04"", ""STN_04__STN_05"", ""STN_05__STN_11"", ""STN_11__STN_12""]",0
T0176,Passenger 176,Passenger,3,85,Yes,12:35,STN_02,STN_06,"[""STN_02"", ""STN_03"", ""STN_04"", ""STN_05"", ""STN_06""]","[""STN_02__STN_03"", ""STN_03__STN_04"", ""STN_04__STN_05"", ""STN_05__STN_06""]",0
T0177,Passenger 177,Passenger,3,79,Yes,18:41,STN_08,STN_06,"[""STN_08"", ""STN_07"", ""STN_06""]","[""STN_07__STN_08"", ""STN_06__STN_07""]",0
T0178,Express 178,Express,2,90,Yes,10:51,STN_10,STN_12,"[""STN_10"", ""STN_09"", ""STN_08"", ""STN_07"", ""STN_06"", ""STN_05"", ""STN_11"", ""STN_12""]","[""STN_09__STN_10"", ""STN_08__STN_09"", ""STN_07__STN_08"", ""STN_06__STN_07"", ""STN_05__STN_06"", ""STN_05__STN_11"", ""STN_11__STN_12""]",0
T0179,Local 179,Local,4,40,Yes,11:09,STN_12,STN_08,"[""STN_12"", ""STN_11"", ""STN_05"", ""STN_06"", ""STN_07"", ""STN_08""]","[""STN_11__STN_12"", ""STN_05__STN_11"", ""STN_05__STN_06"", ""STN_06__STN_07"", ""STN_07__STN_08""]",0
T0180,Local 180,Local,4,52,Yes,00:24,STN_02,STN_08,"[""STN_02"", ""STN_03"", ""STN_04"", ""STN_05"", ""STN_06"", ""STN_07"", ""STN_08""]","[""STN_02__STN_03"", ""STN_03__STN_04"", ""STN_04__STN_05"", ""STN_05__STN_06"", ""STN_06__STN_07"", ""STN_07__STN_08""]",0
T0181,Passenger 181,Passenger,3,81,Yes,02:05,STN_06,STN_03,"[""STN_06"", ""STN_05"", ""STN_04"", ""STN_03""]","[""STN_05__STN_06"", ""STN_04__STN_05"", ""STN_03__STN_04""]",0
T0182,Local 182,Local,4,40,Yes,11:34,STN_02,STN_05,"[""STN_02"", ""STN_03"", ""STN_04"", ""STN_05""]","[""STN_02__STN_03"", ""STN_03__STN_04"", ""STN_04__STN_05""]",0
T0183,Local 183,Local,4,58,Yes,09:08,STN_12,STN_09,"[""STN_12"", ""STN_11"", ""STN_05"", ""STN_06"", ""STN_07"", ""STN_08"", ""STN_09""]","[""STN_11__STN_12"", ""STN_05__STN_11"", ""STN_05__STN_06"", ""STN_06__STN_07"", ""STN_07__STN_08"", ""STN_08__STN_09""]",0
T0184,Express 184,Express,2,103,Yes,14:53,STN_12,STN_08,"[""STN_12"", ""STN_11"", ""STN_05"", ""STN_06"", ""STN_07"", ""STN_08""]","[""STN_11__STN_12"", ""STN_05__STN_11"", ""STN_05__STN_06"", ""STN_06__STN_07"", ""STN_07__STN_08""]",0
T0185,Local 185,Local,4,50,Yes,19:46,STN_09,STN_07,"[""STN_09"", ""STN_08"", ""STN_07""]","[""STN_08__STN_09"", ""STN_07__STN_08""]",0
T0186,Local 186,Local,4,52,Yes,00:57,STN_01,STN_12,"[""STN_01"", ""STN_02"", ""STN_03"", ""STN_04"", ""STN_05"", ""STN_11"", ""STN_12""]","[""STN_01__STN_02"", ""STN_02__STN_03"", ""STN_03__STN_04"", ""STN_04__STN_05"", ""STN_05__STN_11"", ""STN_11__STN_12""]",0
T0187,Local 187,Local,4,55,Yes,14:41,STN_09,STN_11,"[""STN_09"", ""STN_08"", ""STN_07"", ""STN_06"", ""STN_05"", ""STN_11""]","[""STN_08__STN_09"", ""STN_07__STN_08"", ""STN_06__STN_07"", ""STN_05__STN_06"", ""STN_05__STN_11""]",0
T0188,Local 188,Local,4,50,Yes,14:25,STN_02,STN_04,"[""STN_02"", ""STN_03"", ""STN_04""]","[""STN_02__STN_03"", ""STN_03__STN_04""]",0
T0189,Local 189,Local,4,44,Yes,18:26,STN_10,STN_07,"[""STN_10"", ""STN_09"", ""STN_08"", ""STN_07""]","[""STN_09__STN_10"", ""STN_08__STN_09"", ""STN_07__STN_08""]",0
T0190,Express 190,Express,2,89,Yes,01:08,STN_06,STN_08,"[""STN_06"", ""STN_07"", ""STN_08""]","[""STN_06__STN_07"", ""STN_07__STN_08""]",0
T0191,Express 191,Express,2,106,Yes,21:15,STN_07,STN_09,"[""STN_07"", ""STN_08"", ""STN_09""]","[""STN_07__STN_08"", ""STN_08__STN_09""]",0
T0192,Local 192,Local,4,54,Yes,06:49,STN_08,STN_03,"[""STN_08"", ""STN_07"", ""STN_06"", ""STN_05"", ""STN_04"", ""STN_03""]","[""STN_07__STN_08"", ""STN_06__STN_07"", ""STN_05__STN_06"", ""STN_04__STN_05"", ""STN_03__STN_04""]",0
T0193,Local 193,Local,4,48,Yes,22:30,STN_09,STN_06,"[""STN_09"", ""STN_08"", ""STN_07"", ""STN_06""]","[""STN_08__STN_09"", ""STN_07__STN_08"", ""STN_06__STN_07""]",0
T0194,Freight 194,Freight,5,59,No,12:58,STN_01,STN_08,"[""STN_01"", ""STN_02"", ""STN_03"", ""STN_04"", ""STN_05"", ""STN_06"", ""STN_07"", ""STN_08""]","[""STN_01__STN_02"", ""STN_02__STN_03"", ""STN_03__STN_04"", ""STN_04__STN_05"", ""STN_05__STN_06"", ""STN_06__STN_07"", ""STN_07__STN_08""]",0
T0195,Passenger 195,Passenger,3,66,Yes,15:58,STN_01,STN_10,"[""STN_01"", ""STN_02"", ""STN_03"", ""STN_04"", ""STN_05"", ""STN_06"", ""STN_07"", ""STN_08"", ""STN_09"", ""STN_10""]","[""STN_01__STN_02"", ""STN_02__STN_03"", ""STN_03__STN_04"", ""STN_04__STN_05"", ""STN_05__STN_06"", ""STN_06__STN_07"", ""STN_07__STN_08"", ""STN_08__STN_09"", ""STN_09__STN_10""]",0
T0196,Local 196,Local,4,66,Yes,17:24,STN_04,STN_11,"[""STN_04"", ""STN_05"", ""STN_11""]","[""STN_04__STN_05"", ""STN_05__STN_11""]",0
T0197,Passenger 197,Passenger,3,62,Yes,17:45,STN_11,STN_02,"[""STN_11"", ""STN_05"", ""STN_04"", ""STN_03"", ""STN_02""]","[""STN_05__STN_11"", ""STN_04__STN_05"", ""STN_03__STN_04"", ""STN_02__STN_03""]",0
T0198,Local 198,Local,4,54,Yes,06:09,STN_12,STN_06,"[""STN_12"", ""STN_11"", ""STN_05"", ""STN_06""]","[""STN_11__STN_12"", ""STN_05__STN_11"", ""STN_05__STN_06""]",0
T0199,Passenger 199,Passenger,3,78,Yes,20:33,STN_03,STN_10,"[""STN_03"", ""STN_04"", ""STN_05"", ""STN_06"", ""STN_07"", ""STN_08"", ""STN_09"", ""STN_10""]","[""STN_03__STN_04"", ""STN_04__STN_05"", ""STN_05__STN_06"", ""STN_06__STN_07"", ""STN_07__STN_08"", ""STN_08__STN_09"", ""STN_09__STN_10""]",0
T0200,Local 200,Local,4,45,Yes,02:20,STN_05,STN_02,"[""STN_05"", ""STN_04"", ""STN_03"", ""STN_02""]","[""STN_04__STN_05"", ""STN_03__STN_04"", ""STN_02__STN_03""]",0
T0201,Local 201,Local,4,64,Yes,02:22,STN_04,STN_07,"[""STN_04"", ""STN_05"", ""STN_06"", ""STN_07""]","[""STN_04__STN_05"", ""STN_05__STN_06"", ""STN_06__STN_07""]",0
T0202,Local 202,Local,4,40,Yes,08:06,STN_12,STN_06,"[""STN_12"", ""STN_11"", ""STN_05"", ""STN_06""]","[""STN_11__STN_12"", ""STN_05__STN_11"", ""STN_05__STN_06""]",0
T0203,Express 203,Express,2,90,Yes,08:32,STN_03,STN_07,"[""STN_03"", ""STN_04"", ""STN_05"", ""STN_06"", ""STN_07""]","[""STN_03__STN_04"", ""STN_04__STN_05"", ""STN_05__STN_06"", ""STN_06__STN_07""]",0
T0204,Local 204,Local,4,44,Yes,03:26,STN_07,STN_10,"[""STN_07"", ""STN_08"", ""STN_09"", ""STN_10""]","[""STN_07__STN_08"", ""STN_08__STN_09"", ""STN_09__STN_10""]",0
T0205,Freight 205,Freight,5,45,No,22:53,STN_02,STN_04,"[""STN_02"", ""STN_03"", ""STN_04""]","[""STN_02__STN_03"", ""STN_03__STN_04""]",0
T0206,Freight 206,Freight,5,35,No,00:42,STN_04,STN_09,"[""STN_04"", ""STN_05"", ""STN_06"", ""STN_07"", ""STN_08"", ""STN_09""]","[""STN_04__STN_05"", ""STN_05__STN_06"", ""STN_06__STN_07"", ""STN_07__STN_08"", ""STN_08__STN_09""]",0
T0207,Freight 207,Freight,5,46,No,17:12,STN_06,STN_03,"[""STN_06"", ""STN_05"", ""STN_04"", ""STN_03""]","[""STN_05__STN_06"", ""STN_04__STN_05"", ""STN_03__STN_04""]",0
T0208,Freight 208,Freight,5,59,No,04:28,STN_10,STN_02,"[""STN_10"", ""STN_09"", ""STN_08"", ""STN_07"", ""STN_06"", ""STN_05"", ""STN_04"", ""STN_03"", ""STN_02""]","[""STN_09__STN_10"", ""STN_08__STN_09"", ""STN_07__STN_08"", ""STN_06__STN_07"", ""STN_05__STN_06"", ""STN_04__STN_05"", ""STN_03__STN_04"", ""STN_02__STN_03""]",0
T0209,Express 209,Express,2,90,Yes,01:39,STN_07,STN_10,"[""STN_07"", ""STN_08"", ""STN_09"", ""STN_10""]","[""STN_07__STN_08"", ""STN_08__STN_09"", ""STN_09__STN_10""]",0
T0210,Freight 210,Freight,5,42,No,06:56,STN_01,STN_04,"[""STN_01"", ""STN_02"", ""STN_03"", ""STN_04""]","[""STN_01__STN_02"", ""STN_02__STN_03"", ""STN_03__STN_04""]",0
T0211,Local 211,Local,4,62,Yes,20:56,STN_01,STN_03,"[""STN_01"", ""STN_02"", ""STN_03""]","[""STN_01__STN_02"", ""STN_02__STN_03""]",0
T0212,Passenger 212,Passenger,3,83,Yes,08:01,STN_05,STN_12,"[""STN_05"", ""STN_11"", ""STN_12""]","[""STN_05__STN_11"", ""STN_11__STN_12""]",0
T0213,Express 213,Express,2,102,Yes,06:37,STN_10,STN_11,"[""STN_10"", ""STN_09"", ""STN_08"", ""STN_07"", ""STN_06"", ""STN_05"", ""STN_11""]","[""STN_09__STN_10"", ""STN_08__STN_09"", ""STN_07__STN_08"", ""STN_06__STN_07"", ""STN_05__STN_06"", ""STN_05__STN_11""]",0
T0214,Freight 214,Freight,5,35,No,20:06,STN_04,STN_01,"[""STN_04"", ""STN_03"", ""STN_02"", ""STN_01""]","[""STN_03__STN_04"", ""STN_02__STN_03"", ""STN_01__STN_02""]",0
T0215,Freight 215,Freight,5,57,No,14:59,STN_07,STN_04,"[""STN_07"", ""STN_06"", ""STN_05"", ""STN_04""]","[""STN_06__STN_07"", ""STN_05__STN_06"", ""STN_04__STN_05""]",0
T0216,Express 216,Express,2,101,Yes,11:37,STN_01,STN_03,"[""STN_01"", ""STN_02"", ""STN_03""]","[""STN_01__STN_02"", ""STN_02__STN_03""]",0
T0217,Express 217,Express,2,94,Yes,22:52,STN_06,STN_02,"[""STN_06"", ""STN_05"", ""STN_04"", ""STN_03"", ""STN_02""]","[""STN_05__STN_06"", ""STN_04__STN_05"", ""STN_03__STN_04"", ""STN_02__STN_03""]",0
T0218,Local 218,Local,4,64,Yes,22:39,STN_04,STN_12,"[""STN_04"", ""STN_05"", ""STN_11"", ""STN_12""]","[""STN_04__STN_05"", ""STN_05__STN_11"", ""STN_11__STN_12""]",0
T0219,Freight 219,Freight,5,35,No,02:26,STN_06,STN_01,"[""STN_06"", ""STN_05"", ""STN_04"", ""STN_03"", ""STN_02"", ""STN_01""]","[""STN_05__STN_06"", ""STN_04__STN_05"", ""STN_03__STN_04"", ""STN_02__STN_03"", ""STN_01__STN_02""]",0
T0220,Passenger 220,Passenger,3,61,Yes,18:05,STN_04,STN_09,"[""STN_04"", ""STN_05"", ""STN_06"", ""STN_07"", ""STN_08"", ""STN_09""]","[""STN_04__STN_05"", ""STN_05__STN_06"", ""STN_06__STN_07"", ""STN_07__STN_08"", ""STN_08__STN_09""]",0
T0221,Passenger 221,Passenger,3,70,Yes,15:08,STN_07,STN_12,"[""STN_07"", ""STN_06"", ""STN_05"", ""STN_11"", ""STN_12""]","[""STN_06__STN_07"", ""STN_05__STN_06"", ""STN_05__STN_11"", ""STN_11__STN_12""]",0
T0222,Local 222,Local,4,57,Yes,19:25,STN_06,STN_04,"[""STN_06"", ""STN_05"", ""STN_04""]","[""STN_05__STN_06"", ""STN_04__STN_05""]",0
T0223,Freight 223,Freight,5,44,No,11:20,STN_10,STN_01,"[""STN_10"", ""STN_09"", ""STN_08"", ""STN_07"", ""STN_06"", ""STN_05"", ""STN_04"", ""STN_03"", ""STN_02"", ""STN_01""]","[""STN_09__STN_10"", ""STN_08__STN_09"", ""STN_07__STN_08"", ""STN_06__STN_07"", ""STN_05__STN_06"", ""STN_04__STN_05"", ""STN_03__STN_04"", ""STN_02__STN_03"", ""STN_01__STN_02""]",0
T0224,Freight 224,Freight,5,42,No,23:52,STN_11,STN_02,"[""STN_11"", ""STN_05"", ""STN_04"", ""STN_03"", ""STN_02""]","[""STN_05__STN_11"", ""STN_04__STN_05"", ""STN_03__STN_04"", ""STN_02__STN_03""]",0
T0225,Express 225,Express,2,107,Yes,05:27,STN_06,STN_02,"[""STN_06"", ""STN_05"", ""STN_04"", ""STN_03"", ""STN_02""]","[""STN_05__STN_06"", ""STN_04__STN_05"", ""STN_03__STN_04"", ""STN_02__STN_03""]",0
T0226,Passenger 226,Passenger,3,89,Yes,13:33,STN_03,STN_05,"[""STN_03"", ""STN_04"", ""STN_05""]","[""STN_03__STN_04"", ""STN_04__STN_05""]",0
T0227,Passenger 227,Passenger,3,69,Yes,08:41,STN_05,STN_07,"[""STN_05"", ""STN_06"", ""STN_07""]","[""STN_05__STN_06"", ""STN_06__STN_07""]",0
T0228,Passenger 228,Passenger,3,85,Yes,17:03,STN_09,STN_01,"[""STN_09"", ""STN_08"", ""STN_07"", ""STN_06"", ""STN_05"", ""STN_04"", ""STN_03"", ""STN_02"", ""STN_01""]","[""STN_08__STN_09"", ""STN_07__STN_08"", ""STN_06__STN_07"", ""STN_05__STN_06"", ""STN_04__STN_05"", ""STN_03__STN_04"", ""STN_02__STN_03"", ""STN_01__STN_02""]",0
T0229,Freight 229,Freight,5,38,No,12:13,STN_04,STN_11,"[""STN_04"", ""STN_05"", ""STN_11""]","[""STN_04__STN_05"", ""STN_05__STN_11""]",0
T0230,Express 230,Express,2,110,Yes,17:15,STN_04,STN_10,"[""STN_04"", ""STN_05"", ""STN_06"", ""STN_07"", ""STN_08"", ""STN_09"", ""STN_10""]","[""STN_04__STN_05"", ""STN_05__STN_06"", ""STN_06__STN_07"", ""STN_07__STN_08"", ""STN_08__STN_09"", ""STN_09__STN_10""]",0
T0231,Express 231,Express,2,110,Yes,22:30,STN_04,STN_08,"[""STN_04"", ""STN_05"", ""STN_06"", ""STN_07"", ""STN_08""]","[""STN_04__STN_05"", ""STN_05__STN_06"", ""STN_06__STN_07"", ""STN_07__STN_08""]",0
T0232,Local 232,Local,4,65,Yes,10:03,STN_03,STN_06,"[""STN_03"", ""STN_04"", ""STN_05"", ""STN_06""]","[""STN_03__STN_04"", ""STN_04__STN_05"", ""STN_05__STN_06""]",0
T0233,Express 233,Express,2,83,Yes,06:28,STN_09,STN_06,"[""STN_09"", ""STN_08"", ""STN_07"", ""STN_06""]","[""STN_08__STN_09"", ""STN_07__STN_08"", ""STN_06__STN_07""]",0
T0234,Freight 234,Freight,5,58,No,20:37,STN_07,STN_11,"[""STN_07"", ""STN_06"", ""STN_05"", ""STN_11""]","[""STN_06__STN_07"", ""STN_05__STN_06"", ""STN_05__STN_11""]",0
T0235,Local 235,Local,4,47,Yes,09:59,STN_11,STN_10,"[""STN_11"", ""STN_05"", ""STN_06"", ""STN_07"", ""STN_08"", ""STN_09"", ""STN_10""]","[""STN_05__STN_11"", ""STN_05__STN_06"", ""STN_06__STN_07"", ""STN_07__STN_08"", ""STN_08__STN_09"", ""STN_09__STN_10""]",0
T0236,Local 236,Local,4,47,Yes,07:01,STN_03,STN_11,"[""STN_03"", ""STN_04"", ""STN_05"", ""STN_11""]","[""STN_03__STN_04"", ""STN_04__STN_05"", ""STN_05__STN_11""]",0
T0237,Local 237,Local,4,51,Yes,04:02,STN_05,STN_02,"[""STN_05"", ""STN_04"", ""STN_03"", ""STN_02""]","[""STN_04__STN_05"", ""STN_03__STN_04"", ""STN_02__STN_03""]",0
T0238,Passenger 238,Passenger,3,77,Yes,20:21,STN_07,STN_02,"[""STN_07"", ""STN_06"", ""STN_05"", ""STN_04"", ""STN_03"", ""STN_02""]","[""STN_06__STN_07"", ""STN_05__STN_06"", ""STN_04__STN_05"", ""STN_03__STN_04"", ""STN_02__STN_03""]",0
T0239,Express 239,Express,2,110,Yes,00:16,STN_02,STN_06,"[""STN_02"", ""STN_03"", ""STN_04"", ""STN_05"", ""STN_06""]","[""STN_02__STN_03"", ""STN_03__STN_04"", ""STN_04__STN_05"", ""STN_05__STN_06""]",0
T0240,Express 240,Express,2,90,Yes,22:54,STN_07,STN_12,"[""STN_07"", ""STN_06"", ""STN_05"", ""STN_11"", ""STN_12""]","[""STN_06__STN_07"", ""STN_05__STN_06"", ""STN_05__STN_11"", ""STN_11__STN_12""]",0
T0241,Local 241,Local,4,41,Yes,18:35,STN_06,STN_01,"[""STN_06"", ""STN_05"", ""STN_04"", ""STN_03"", ""STN_02"", ""STN_01""]","[""STN_05__STN_06"", ""STN_04__STN_05"", ""STN_03__STN_04"", ""STN_02__STN_03"", ""STN_01__STN_02""]",0
T0242,Passenger 242,Passenger,3,75,Yes,22:34,STN_02,STN_11,"[""STN_02"", ""STN_03"", ""STN_04"", ""STN_05"", ""STN_11""]","[""STN_02__STN_03"", ""STN_03__STN_04"", ""STN_04__STN_05"", ""STN_05__STN_11""]",0
T0243,Express 243,Express,2,102,Yes,06:55,STN_11,STN_02,"[""STN_11"", ""STN_05"", ""STN_04"", ""STN_03"", ""STN_02""]","[""STN_05__STN_11"", ""STN_04__STN_05"", ""STN_03__STN_04"", ""STN_02__STN_03""]",0
T0244,Local 244,Local,4,57,Yes,23:32,STN_11,STN_08,"[""STN_11"", ""STN_05"", ""STN_06"", ""STN_07"", ""STN_08""]","[""STN_05__STN_11"", ""STN_05__STN_06"", ""STN_06__STN_07"", ""STN_07__STN_08""]",0
T0245,Local 245,Local,4,59,Yes,09:42,STN_08,STN_03,"[""STN_08"", ""STN_07"", ""STN_06"", ""STN_05"", ""STN_04"", ""STN_03""]","[""STN_07__STN_08"", ""STN_06__STN_07"", ""STN_05__STN_06"", ""STN_04__STN_05"", ""STN_03__STN_04""]",0
T0246,Freight 246,Freight,5,60,No,17:33,STN_07,STN_09,"[""STN_07"", ""STN_08"", ""STN_09""]","[""STN_07__STN_08"", ""STN_08__STN_09""]",0
T0247,Freight 247,Freight,5,35,No,00:03,STN_12,STN_10,"[""STN_12"", ""STN_11"", ""STN_05"", ""STN_06"", ""STN_07"", ""STN_08"", ""STN_09"", ""STN_10""]","[""STN_11__STN_12"", ""STN_05__STN_11"", ""STN_05__STN_06"", ""STN_06__STN_07"", ""STN_07__STN_08"", ""STN_08__STN_09"", ""STN_09__STN_10""]",0
T0248,Local 248,Local,4,52,Yes,23:31,STN_11,STN_08,"[""STN_11"", ""STN_05"", ""STN_06"", ""STN_07"", ""STN_08""]","[""STN_05__STN_11"", ""STN_05__STN_06"", ""STN_06__STN_07"", ""STN_07__STN_08""]",0
T0249,Express 249,Express,2,95,Yes,14:20,STN_01,STN_06,"[""STN_01"", ""STN_02"", ""STN_03"", ""STN_04"", ""STN_05"", ""STN_06""]","[""STN_01__STN_02"", ""STN_02__STN_03"", ""STN_03__STN_04"", ""STN_04__STN_05"", ""STN_05__STN_06""]",0
T0250,Passenger 250,Passenger,3,73,Yes,07:02,STN_10,STN_11,"[""STN_10"", ""STN_09"", ""STN_08"", ""STN_07"", ""STN_06"", ""STN_05"", ""STN_11""]","[""STN_09__STN_10"", ""STN_08__STN_09"", ""STN_07__STN_08"", ""STN_06__STN_07"", ""STN_05__STN_06"", ""STN_05__STN_11""]",0
T0251,Rajdhani 251,Rajdhani,1,106,Yes,12:30,STN_04,STN_01,"[""STN_04"", ""STN_03"", ""STN_02"", ""STN_01""]","[""STN_03__STN_04"", ""STN_02__STN_03"", ""STN_01__STN_02""]",0
T0252,Local 252,Local,4,60,Yes,05:02,STN_02,STN_11,"[""STN_02"", ""STN_03"", ""STN_04"", ""STN_05"", ""STN_11""]","[""STN_02__STN_03"", ""STN_03__STN_04"", ""STN_04__STN_05"", ""STN_05__STN_11""]",0
T0253,Passenger 253,Passenger,3,86,Yes,13:43,STN_12,STN_02,"[""STN_12"", ""STN_11"", ""STN_05"", ""STN_04"", ""STN_03"", ""STN_02""]","[""STN_11__STN_12"", ""STN_05__STN_11"", ""STN_04__STN_05"", ""STN_03__STN_04"", ""STN_02__STN_03""]",0
T0254,Freight 254,Freight,5,56,No,08:30,STN_01,STN_08,"[""STN_01"", ""STN_02"", ""STN_03"", ""STN_04"", ""STN_05"", ""STN_06"", ""STN_07"", ""STN_08""]","[""STN_01__STN_02"", ""STN_02__STN_03"", ""STN_03__STN_04"", ""STN_04__STN_05"", ""STN_05__STN_06"", ""STN_06__STN_07"", ""STN_07__STN_08""]",0
T0255,Local 255,Local,4,66,Yes,23:57,STN_10,STN_07,"[""STN_10"", ""STN_09"", ""STN_08"", ""STN_07""]","[""STN_09__STN_10"", ""STN_08__STN_09"", ""STN_07__STN_08""]",0
T0256,Local 256,Local,4,49,Yes,06:10,STN_02,STN_08,"[""STN_02"", ""STN_03"", ""STN_04"", ""STN_05"", ""STN_06"", ""STN_07"", ""STN_08""]","[""STN_02__STN_03"", ""STN_03__STN_04"", ""STN_04__STN_05"", ""STN_05__STN_06"", ""STN_06__STN_07"", ""STN_07__STN_08""]",0
T0257,Local 257,Local,4,61,Yes,04:52,STN_03,STN_12,"[""STN_03"", ""STN_04"", ""STN_05"", ""STN_11"", ""STN_12""]","[""STN_03__STN_04"", ""STN_04__STN_05"", ""STN_05__STN_11"", ""STN_11__STN_12""]",0
T0258,Passenger 258,Passenger,3,82,Yes,22:14,STN_04,STN_11,"[""STN_04"", ""STN_05"", ""STN_11""]","[""STN_04__STN_05"", ""STN_05__STN_11""]",0
T0259,Passenger 259,Passenger,3,65,Yes,10:10,STN_11,STN_09,"[""STN_11"", ""STN_05"", ""STN_06"", ""STN_07"", ""STN_08"", ""STN_09""]","[""STN_05__STN_11"", ""STN_05__STN_06"", ""STN_06__STN_07"", ""STN_07__STN_08"", ""STN_08__STN_09""]",0
T0260,Passenger 260,Passenger,3,87,Yes,15:18,STN_05,STN_07,"[""STN_05"", ""STN_06"", ""STN_07""]","[""STN_05__STN_06"", ""STN_06__STN_07""]",0
T0261,Local 261,Local,4,67,Yes,23:48,STN_11,STN_10,"[""STN_11"", ""STN_05"", ""STN_06"", ""STN_07"", ""STN_08"", ""STN_09"", ""STN_10""]","[""STN_05__STN_11"", ""STN_05__STN_06"", ""STN_06__STN_07"", ""STN_07__STN_08"", ""STN_08__STN_09"", ""STN_09__STN_10""]",0
T0262,Freight 262,Freight,5,39,No,10:09,STN_06,STN_12,"[""STN_06"", ""STN_05"", ""STN_11"", ""STN_12""]","[""STN_05__STN_06"", ""STN_05__STN_11"", ""STN_11__STN_12""]",0
T0263,Rajdhani 263,Rajdhani,1,108,Yes,20:42,STN_10,STN_03,"[""STN_10"", ""STN_09"", ""STN_08"", ""STN_07"", ""STN_06"", ""STN_05"", ""STN_04"", ""STN_03""]","[""STN_09__STN_10"", ""STN_08__STN_09"", ""STN_07__STN_08"", ""STN_06__STN_07"", ""STN_05__STN_06"", ""STN_04__STN_05"", ""STN_03__STN_04""]",0
T0264,Rajdhani 264,Rajdhani,1,100,Yes,14:39,STN_12,STN_06,"[""STN_12"", ""STN_11"", ""STN_05"", ""STN_06""]","[""STN_11__STN_12"", ""STN_05__STN_11"", ""STN_05__STN_06""]",0
T0265,Passenger 265,Passenger,3,69,Yes,21:45,STN_08,STN_12,"[""STN_08"", ""STN_07"", ""STN_06"", ""STN_05"", ""STN_11"", ""STN_12""]","[""STN_07__STN_08"", ""STN_06__STN_07"", ""STN_05__STN_06"", ""STN_05__STN_11"", ""STN_11__STN_12""]",0
T0266,Rajdhani 266,Rajdhani,1,116,Yes,02:12,STN_06,STN_12,"[""STN_06"", ""STN_05"", ""STN_11"", ""STN_12""]","[""STN_05__STN_06"", ""STN_05__STN_11"", ""STN_11__STN_12""]",0
T0267,Local 267,Local,4,41,Yes,02:18,STN_11,STN_02,"[""STN_11"", ""STN_05"", ""STN_04"", ""STN_03"", ""STN_02""]","[""STN_05__STN_11"", ""STN_04__STN_05"", ""STN_03__STN_04"", ""STN_02__STN_03""]",0
T0268,Local 268,Local,4,49,Yes,07:26,STN_07,STN_11,"[""STN_07"", ""STN_06"", ""STN_05"", ""STN_11""]","[""STN_06__STN_07"", ""STN_05__STN_06"", ""STN_05__STN_11""]",0
T0269,Local 269,Local,4,49,Yes,00:47,STN_08,STN_04,"[""STN_08"", ""STN_07"", ""STN_06"", ""STN_05"", ""STN_04""]","[""STN_07__STN_08"", ""STN_06__STN_07"", ""STN_05__STN_06"", ""STN_04__STN_05""]",0
T0270,Local 270,Local,4,55,Yes,04:05,STN_06,STN_04,"[""STN_06"", ""STN_05"", ""STN_04""]","[""STN_05__STN_06"", ""STN_04__STN_05""]",0
T0271,Local 271,Local,4,44,Yes,06:33,STN_02,STN_09,"[""STN_02"", ""STN_03"", ""STN_04"", ""STN_05"", ""STN_06"", ""STN_07"", ""STN_08"", ""STN_09""]","[""STN_02__STN_03"", ""STN_03__STN_04"", ""STN_04__STN_05"", ""STN_05__STN_06"", ""STN_06__STN_07"", ""STN_07__STN_08"", ""STN_08__STN_09""]",0
T0272,Express 272,Express,2,100,Yes,16:12,STN_03,STN_06,"[""STN_03"", ""STN_04"", ""STN_05"", ""STN_06""]","[""STN_03__STN_04"", ""STN_04__STN_05"", ""STN_05__STN_06""]",0
T0273,Passenger 273,Passenger,3,63,Yes,17:09,STN_08,STN_05,"[""STN_08"", ""STN_07"", ""STN_06"", ""STN_05""]","[""STN_07__STN_08"", ""STN_06__STN_07"", ""STN_05__STN_06""]",0
T0274,Local 274,Local,4,41,Yes,20:28,STN_07,STN_10,"[""STN_07"", ""STN_08"", ""STN_09"", ""STN_10""]","[""STN_07__STN_08"", ""STN_08__STN_09"", ""STN_09__STN_10""]",0
T0275,Local 275,Local,4,66,Yes,20:29,STN_12,STN_03,"[""STN_12"", ""STN_11"", ""STN_05"", ""STN_04"", ""STN_03""]","[""STN_11__STN_12"", ""STN_05__STN_11"", ""STN_04__STN_05"", ""STN_03__STN_04""]",0
T0276,Local 276,Local,4,63,Yes,02:51,STN_10,STN_04,"[""STN_10"", ""STN_09"", ""STN_08"", ""STN_07"", ""STN_06"", ""STN_05"", ""STN_04""]","[""STN_09__STN_10"", ""STN_08__STN_09"", ""STN_07__STN_08"", ""STN_06__STN_07"", ""STN_05__STN_06"", ""STN_04__STN_05""]",0
T0277,Express 277,Express,2,107,Yes,12:13,STN_08,STN_06,"[""STN_08"", ""STN_07"", ""STN_06""]","[""STN_07__STN_08"", ""STN_06__STN_07""]",0
T0278,Local 278,Local,4,52,Yes,19:40,STN_04,STN_02,"[""STN_04"", ""STN_03"", ""STN_02""]","[""STN_03__STN_04"", ""STN_02__STN_03""]",0
T0279,Local 279,Local,4,43,Yes,02:18,STN_08,STN_12,"[""STN_08"", ""STN_07"", ""STN_06"", ""STN_05"", ""STN_11"", ""STN_12""]","[""STN_07__STN_08"", ""STN_06__STN_07"", ""STN_05__STN_06"", ""STN_05__STN_11"", ""STN_11__STN_12""]",0
T0280,Local 280,Local,4,54,Yes,19:30,STN_01,STN_04,"[""STN_01"", ""STN_02"", ""STN_03"", ""STN_04""]","[""STN_01__STN_02"", ""STN_02__STN_03"", ""STN_03__STN_04""]",0
T0281,Express 281,Express,2,101,Yes,15:39,STN_04,STN_01,"[""STN_04"", ""STN_03"", ""STN_02"", ""STN_01""]","[""STN_03__STN_04"", ""STN_02__STN_03"", ""STN_01__STN_02""]",0
T0282,Express 282,Express,2,108,Yes,08:47,STN_03,STN_08,"[""STN_03"", ""STN_04"", ""STN_05"", ""STN_06"", ""STN_07"", ""STN_08""]","[""STN_03__STN_04"", ""STN_04__STN_05"", ""STN_05__STN_06"", ""STN_06__STN_07"", ""STN_07__STN_08""]",0
T0283,Local 283,Local,4,43,Yes,01:36,STN_07,STN_01,"[""STN_07"", ""STN_06"", ""STN_05"", ""STN_04"", ""STN_03"", ""STN_02"", ""STN_01""]","[""STN_06__STN_07"", ""STN_05__STN_06"", ""STN_04__STN_05"", ""STN_03__STN_04"", ""STN_02__STN_03"", ""STN_01__STN_02""]",0
T0284,Freight 284,Freight,5,57,No,08:22,STN_10,STN_03,"[""STN_10"", ""STN_09"", ""STN_08"", ""STN_07"", ""STN_06"", ""STN_05"", ""STN_04"", ""STN_03""]","[""STN_09__STN_10"", ""STN_08__STN_09"", ""STN_07__STN_08"", ""STN_06__STN_07"", ""STN_05__STN_06"", ""STN_04__STN_05"", ""STN_03__STN_04""]",0
T0285,Express 285,Express,2,99,Yes,03:56,STN_09,STN_05,"[""STN_09"", ""STN_08"", ""STN_07"", ""STN_06"", ""STN_05""]","[""STN_08__STN_09"", ""STN_07__STN_08"", ""STN_06__STN_07"", ""STN_05__STN_06""]",0
T0286,Freight 286,Freight,5,39,No,22:31,STN_03,STN_09,"[""STN_03"", ""STN_04"", ""STN_05"", ""STN_06"", ""STN_07"", ""STN_08"", ""STN_09""]","[""STN_03__STN_04"", ""STN_04__STN_05"", ""STN_05__STN_06"", ""STN_06__STN_07"", ""STN_07__STN_08"", ""STN_08__STN_09""]",0
T0287,Freight 287,Freight,5,60,No,07:38,STN_01,STN_09,"[""STN_01"", ""STN_02"", ""STN_03"", ""STN_04"", ""STN_05"", ""STN_06"", ""STN_07"", ""STN_08"", ""STN_09""]","[""STN_01__STN_02"", ""STN_02__STN_03"", ""STN_03__STN_04"", ""STN_04__STN_05"", ""STN_05__STN_06"", ""STN_06__STN_07"", ""STN_07__STN_08"", ""STN_08__STN_09""]",0
T0288,Freight 288,Freight,5,58,No,02:05,STN_09,STN_04,"[""STN_09"", ""STN_08"", ""STN_07"", ""STN_06"", ""STN_05"", ""STN_04""]","[""STN_08__STN_09"", ""STN_07__STN_08"", ""STN_06__STN_07"", ""STN_05__STN_06"", ""STN_04__STN_05""]",0
T0289,Freight 289,Freight,5,45,No,04:26,STN_09,STN_01,"[""STN_09"", ""STN_08"", ""STN_07"", ""STN_06"", ""STN_05"", ""STN_04"", ""STN_03"", ""STN_02"", ""STN_01""]","[""STN_08__STN_09"", ""STN_07__STN_08"", ""STN_06__STN_07"", ""STN_05__STN_06"", ""STN_04__STN_05"", ""STN_03__STN_04"", ""STN_02__STN_03"", ""STN_01__STN_02""]",0
T0290,Freight 290,Freight,5,37,No,08:04,STN_12,STN_09,"[""STN_12"", ""STN_11"", ""STN_05"", ""STN_06"", ""STN_07"", ""STN_08"", ""STN_09""]","[""STN_11__STN_12"", ""STN_05__STN_11"", ""STN_05__STN_06"", ""STN_06__STN_07"", ""STN_07__STN_08"", ""STN_08__STN_09""]",0
T0291,Express 291,Express,2,109,Yes,02:35,STN_11,STN_10,"[""STN_11"", ""STN_05"", ""STN_06"", ""STN_07"", ""STN_08"", ""STN_09"", ""STN_10""]","[""STN_05__STN_11"", ""STN_05__STN_06"", ""STN_06__STN_07"", ""STN_07__STN_08"", ""STN_08__STN_09"", ""STN_09__STN_10""]",0
T0292,Passenger 292,Passenger,3,88,Yes,15:19,STN_04,STN_11,"[""STN_04"", ""STN_05"", ""STN_11""]","[""STN_04__STN_05"", ""STN_05__STN_11""]",0
T0293,Freight 293,Freight,5,59,No,07:54,STN_11,STN_01,"[""STN_11"", ""STN_05"", ""STN_04"", ""STN_03"", ""STN_02"", ""STN_01""]","[""STN_05__STN_11"", ""STN_04__STN_05"", ""STN_03__STN_04"", ""STN_02__STN_03"", ""STN_01__STN_02""]",0
T0294,Freight 294,Freight,5,47,No,13:39,STN_05,STN_09,"[""STN_05"", ""STN_06"", ""STN_07"", ""STN_08"", ""STN_09""]","[""STN_05__STN_06"", ""STN_06__STN_07"", ""STN_07__STN_08"", ""STN_08__STN_09""]",0
T0295,Local 295,Local,4,50,Yes,07:16,STN_09,STN_02,"[""STN_09"", ""STN_08"", ""STN_07"", ""STN_06"", ""STN_05"", ""STN_04"", ""STN_03"", ""STN_02""]","[""STN_08__STN_09"", ""STN_07__STN_08"", ""STN_06__STN_07"", ""STN_05__STN_06"", ""STN_04__STN_05"", ""STN_03__STN_04"", ""STN_02__STN_03""]",0
T0296,Freight 296,Freight,5,58,No,04:48,STN_11,STN_03,"[""STN_11"", ""STN_05"", ""STN_04"", ""STN_03""]","[""STN_05__STN_11"", ""STN_04__STN_05"", ""STN_03__STN_04""]",0
T0297,Local 297,Local,4,47,Yes,17:14,STN_05,STN_07,"[""STN_05"", ""STN_06"", ""STN_07""]","[""STN_05__STN_06"", ""STN_06__STN_07""]",0
T0298,Local 298,Local,4,57,Yes,01:06,STN_01,STN_11,"[""STN_01"", ""STN_02"", ""STN_03"", ""STN_04"", ""STN_05"", ""STN_11""]","[""STN_01__STN_02"", ""STN_02__STN_03"", ""STN_03__STN_04"", ""STN_04__STN_05"", ""STN_05__STN_11""]",0
T0299,Freight 299,Freight,5,35,No,22:12,STN_08,STN_03,"[""STN_08"", ""STN_07"", ""STN_06"", ""STN_05"", ""STN_04"", ""STN_03""]","[""STN_07__STN_08"", ""STN_06__STN_07"", ""STN_05__STN_06"", ""STN_04__STN_05"", ""STN_03__STN_04""]",0
T0300,Freight 300,Freight,5,55,No,22:53,STN_06,STN_01,"[""STN_06"", ""STN_05"", ""STN_04"", ""STN_03"", ""STN_02"", ""STN_01""]","[""STN_05__STN_06"", ""STN_04__STN_05"", ""STN_03__STN_04"", ""STN_02__STN_03"", ""STN_01__STN_02""]",0
T0301,Local 301,Local,4,46,Yes,21:29,STN_07,STN_11,"[""STN_07"", ""STN_06"", ""STN_05"", ""STN_11""]","[""STN_06__STN_07"", ""STN_05__STN_06"", ""STN_05__STN_11""]",0
T0302,Local 302,Local,4,41,Yes,06:29,STN_11,STN_09,"[""STN_11"", ""STN_05"", ""STN_06"", ""STN_07"", ""STN_08"", ""STN_09""]","[""STN_05__STN_11"", ""STN_05__STN_06"", ""STN_06__STN_07"", ""STN_07__STN_08"", ""STN_08__STN_09""]",0
T0303,Local 303,Local,4,59,Yes,09:12,STN_12,STN_10,"[""STN_12"", ""STN_11"", ""STN_05"", ""STN_06"", ""STN_07"", ""STN_08"", ""STN_09"", ""STN_10""]","[""STN_11__STN_12"", ""STN_05__STN_11"", ""STN_05__STN_06"", ""STN_06__STN_07"", ""STN_07__STN_08"", ""STN_08__STN_09"", ""STN_09__STN_10""]",0
T0304,Express 304,Express,2,100,Yes,13:34,STN_10,STN_02,"[""STN_10"", ""STN_09"", ""STN_08"", ""STN_07"", ""STN_06"", ""STN_05"", ""STN_04"", ""STN_03"", ""STN_02""]","[""STN_09__STN_10"", ""STN_08__STN_09"", ""STN_07__STN_08"", ""STN_06__STN_07"", ""STN_05__STN_06"", ""STN_04__STN_05"", ""STN_03__STN_04"", ""STN_02__STN_03""]",0
T0305,Freight 305,Freight,5,50,No,16:29,STN_11,STN_03,"[""STN_11"", ""STN_05"", ""STN_04"", ""STN_03""]","[""STN_05__STN_11"", ""STN_04__STN_05"", ""STN_03__STN_04""]",0
T0306,Local 306,Local,4,42,Yes,02:37,STN_09,STN_01,"[""STN_09"", ""STN_08"", ""STN_07"", ""STN_06"", ""STN_05"", ""STN_04"", ""STN_03"", ""STN_02"", ""STN_01""]","[""STN_08__STN_09"", ""STN_07__STN_08"", ""STN_06__STN_07"", ""STN_05__STN_06"", ""STN_04__STN_05"", ""STN_03__STN_04"", ""STN_02__STN_03"", ""STN_01__STN_02""]",0
T0307,Local 307,Local,4,65,Yes,07:31,STN_11,STN_06,"[""STN_11"", ""STN_05"", ""STN_06""]","[""STN_05__STN_11"", ""STN_05__STN_06""]",0
T0308,Passenger 308,Passenger,3,77,Yes,16:51,STN_10,STN_03,"[""STN_10"", ""STN_09"", ""STN_08"", ""STN_07"", ""STN_06"", ""STN_05"", ""STN_04"", ""STN_03""]","[""STN_09__STN_10"", ""STN_08__STN_09"", ""STN_07__STN_08"", ""STN_06__STN_07"", ""STN_05__STN_06"", ""STN_04__STN_05"", ""STN_03__STN_04""]",0
T0309,Passenger 309,Passenger,3,76,Yes,08:02,STN_06,STN_10,"[""STN_06"", ""STN_07"", ""STN_08"", ""STN_09"", ""STN_10""]","[""STN_06__STN_07"", ""STN_07__STN_08"", ""STN_08__STN_09"", ""STN_09__STN_10""]",0
T0310,Rajdhani 310,Rajdhani,1,101,Yes,00:13,STN_03,STN_10,"[""STN_03"", ""STN_04"", ""STN_05"", ""STN_06"", ""STN_07"", ""STN_08"", ""STN_09"", ""STN_10""]","[""STN_03__STN_04"", ""STN_04__STN_05"", ""STN_05__STN_06"", ""STN_06__STN_07"", ""STN_07__STN_08"", ""STN_08__STN_09"", ""STN_09__STN_10""]",0
T0311,Passenger 311,Passenger,3,62,Yes,00:42,STN_04,STN_08,"[""STN_04"", ""STN_05"", ""STN_06"", ""STN_07"", ""STN_08""]","[""STN_04__STN_05"", ""STN_05__STN_06"", ""STN_06__STN_07"", ""STN_07__STN_08""]",0
T0312,Express 312,Express,2,101,Yes,09:43,STN_09,STN_05,"[""STN_09"", ""STN_08"", ""STN_07"", ""STN_06"", ""STN_05""]","[""STN_08__STN_09"", ""STN_07__STN_08"", ""STN_06__STN_07"", ""STN_05__STN_06""]",0
T0313,Passenger 313,Passenger,3,87,Yes,18:19,STN_09,STN_11,"[""STN_09"", ""STN_08"", ""STN_07"", ""STN_06"", ""STN_05"", ""STN_11""]","[""STN_08__STN_09"", ""STN_07__STN_08"", ""STN_06__STN_07"", ""STN_05__STN_06"", ""STN_05__STN_11""]",0
T0314,Local 314,Local,4,68,Yes,02:09,STN_01,STN_11,"[""STN_01"", ""STN_02"", ""STN_03"", ""STN_04"", ""STN_05"", ""STN_11""]","[""STN_01__STN_02"", ""STN_02__STN_03"", ""STN_03__STN_04"", ""STN_04__STN_05"", ""STN_05__STN_11""]",0
T0315,Local 315,Local,4,53,Yes,20:17,STN_03,STN_05,"[""STN_03"", ""STN_04"", ""STN_05""]","[""STN_03__STN_04"", ""STN_04__STN_05""]",0
T0316,Local 316,Local,4,57,Yes,10:27,STN_07,STN_05,"[""STN_07"", ""STN_06"", ""STN_05""]","[""STN_06__STN_07"", ""STN_05__STN_06""]",0
T0317,Express 317,Express,2,80,Yes,11:00,STN_07,STN_11,"[""STN_07"", ""STN_06"", ""STN_05"", ""STN_11""]","[""STN_06__STN_07"", ""STN_05__STN_06"", ""STN_05__STN_11""]",0
T0318,Freight 318,Freight,5,48,No,00:53,STN_10,STN_06,"[""STN_10"", ""STN_09"", ""STN_08"", ""STN_07"", ""STN_06""]","[""STN_09__STN_10"", ""STN_08__STN_09"", ""STN_07__STN_08"", ""STN_06__STN_07""]",0
T0319,Local 319,Local,4,48,Yes,15:45,STN_05,STN_10,"[""STN_05"", ""STN_06"", ""STN_07"", ""STN_08"", ""STN_09"", ""STN_10""]","[""STN_05__STN_06"", ""STN_06__STN_07"", ""STN_07__STN_08"", ""STN_08__STN_09"", ""STN_09__STN_10""]",0
T0320,Local 320,Local,4,61,Yes,09:29,STN_12,STN_01,"[""STN_12"", ""STN_11"", ""STN_05"", ""STN_04"", ""STN_03"", ""STN_02"", ""STN_01""]","[""STN_11__STN_12"", ""STN_05__STN_11"", ""STN_04__STN_05"", ""STN_03__STN_04"", ""STN_02__STN_03"", ""STN_01__STN_02""]",0
